epoch,time,train/box_loss,train/cls_loss,train/dfl_loss,metrics/precision(B),metrics/recall(B),metrics/mAP50(B),metrics/mAP50-95(B),val/box_loss,val/cls_loss,val/dfl_loss,lr/pg0,lr/pg1,lr/pg2
1,3.20816,3.15316,6.21751,2.30976,0,0,0,0,3.70498,5.28734,2.22266,5e-05,5e-05,5e-05
2,5.25145,2.83379,4.98878,1.96262,0,0,0,0,3.05317,4.69665,1.89655,0.000108911,0.000108911,0.000108911
3,7.10215,2.24809,4.66475,1.64852,0.00501,0.33333,0.12618,0.03083,1.83406,4.16105,1.55029,0.000166634,0.000166634,0.000166634
4,8.91136,1.52802,3.98539,1.29717,0.00618,0.38095,0.25725,0.16245,1.18088,3.86512,1.08054,0.000223169,0.000223169,0.000223169
5,10.7254,1.38134,3.93076,1.21599,0.0131,0.6627,0.23778,0.13878,1.1613,3.74597,1.04386,0.000278516,0.000278516,0.000278516
6,12.5074,1.32854,3.25101,1.12618,0.75344,0.16667,0.25703,0.17487,1.16863,3.37305,0.99281,0.000332675,0.000332675,0.000332675
7,14.3435,1.24282,2.92271,1.06644,0.95174,0.14286,0.33429,0.22137,1.12864,3.115,1.01955,0.000385646,0.000385646,0.000385646
8,16.1077,1.2681,2.95012,1.0771,0.93379,0.07143,0.30176,0.19709,1.10538,3.15802,1.00269,0.000437429,0.000437429,0.000437429
9,17.9147,1.37484,2.74351,1.09983,0.03041,0.73413,0.28945,0.18678,1.26801,3.34823,1.06271,0.000488024,0.000488024,0.000488024
10,19.7227,1.32115,2.28429,1.11757,0.06661,0.5119,0.24188,0.11763,1.61413,3.61468,1.26439,0.000537431,0.000537431,0.000537431
11,21.5051,1.32867,2.51158,1.1957,0.08974,0.50794,0.29006,0.17637,1.46474,3.57918,1.25468,0.00058565,0.00058565,0.00058565
12,23.2623,1.24995,1.92067,1.07414,0.66667,0.14288,0.28365,0.17676,1.41852,3.48794,1.22876,0.000632681,0.000632681,0.000632681
13,25.0569,1.17744,1.93379,1.02757,0.71403,0.2381,0.29508,0.17686,1.40007,3.22733,1.15997,0.000678524,0.000678524,0.000678524
14,26.8311,1.18551,2.00959,1.03321,0.93058,0.45238,0.67731,0.45329,1.24582,2.32901,1.02533,0.000723179,0.000723179,0.000723179
15,28.6216,1.2902,1.84469,1.09596,0.93058,0.45238,0.67731,0.45329,1.24582,2.32901,1.02533,0.000766646,0.000766646,0.000766646
16,30.414,1.24065,1.78351,1.05173,0.86013,0.43368,0.79324,0.51484,1.37734,2.32712,1.05855,0.000808925,0.000808925,0.000808925
17,32.321,1.16235,1.54061,1.00707,0.91148,0.48414,0.82095,0.54157,1.24142,2.38736,1.0375,0.0008416,0.0008416,0.0008416
18,34.193,1.23367,1.57505,1.10718,0.86659,0.72913,0.94237,0.66534,1.13537,1.81055,0.98504,0.0008317,0.0008317,0.0008317
19,36.0311,1.20649,1.50224,1.03411,0.86659,0.72913,0.94237,0.66534,1.13537,1.81055,0.98504,0.0008218,0.0008218,0.0008218
20,37.8682,1.12288,1.47808,1.03512,0.91609,0.66135,0.93925,0.64035,1.24953,1.83068,0.9987,0.0008119,0.0008119,0.0008119
21,39.7121,1.18518,1.68529,1.05516,0.89083,0.6969,0.9644,0.66003,1.19303,1.76686,0.99241,0.000802,0.000802,0.000802
22,41.5769,1.12262,1.34235,0.99603,0.8782,0.46735,0.90991,0.62637,1.19537,2.0723,1.00946,0.0007921,0.0007921,0.0007921
23,43.4306,1.16995,1.3918,1.03846,0.8782,0.46735,0.90991,0.62637,1.19537,2.0723,1.00946,0.0007822,0.0007822,0.0007822
24,45.2959,1.12647,1.44584,1.00732,0.8349,0.85406,0.9411,0.64066,1.12101,1.38366,0.9823,0.0007723,0.0007723,0.0007723
25,47.3518,1.10827,1.31942,0.97929,0.89949,0.80414,0.97232,0.71017,1.08743,1.57233,0.98545,0.0007624,0.0007624,0.0007624
26,49.4736,1.16881,1.4126,0.9929,0.9424,0.87763,0.98827,0.71928,1.08984,1.41831,0.96324,0.0007525,0.0007525,0.0007525
27,51.6553,1.3799,1.64037,1.11782,0.9424,0.87763,0.98827,0.71928,1.08984,1.41831,0.96324,0.0007426,0.0007426,0.0007426
28,53.8491,1.18439,1.38917,1.00983,0.94827,0.95091,0.98714,0.66093,1.2756,1.3782,0.99418,0.0007327,0.0007327,0.0007327
29,55.9414,1.28734,1.85877,1.02301,0.93285,0.98022,0.98714,0.66641,1.1794,1.00148,0.96619,0.0007228,0.0007228,0.0007228
30,57.9196,1.2141,1.57897,1.02343,0.94049,0.96791,0.98714,0.74158,0.98199,0.8749,0.92639,0.0007129,0.0007129,0.0007129
31,60.0129,1.1442,1.21548,0.9889,0.94049,0.96791,0.98714,0.74158,0.98199,0.8749,0.92639,0.000703,0.000703,0.000703
32,62.0602,1.14198,1.30987,1.00382,0.94407,0.98044,0.98714,0.73199,1.02915,0.91787,0.94695,0.0006931,0.0006931,0.0006931
33,64.0884,1.172,1.2461,0.9835,0.9292,0.96016,0.98423,0.71561,1.04042,0.95966,0.93284,0.0006832,0.0006832,0.0006832
34,66.0546,1.10969,1.20704,0.97414,0.95361,0.98743,0.98714,0.71009,1.07843,0.84284,0.93407,0.0006733,0.0006733,0.0006733
35,67.9734,1.22892,1.50317,1.03065,0.95361,0.98743,0.98714,0.71009,1.07843,0.84284,0.93407,0.0006634,0.0006634,0.0006634
36,70.0023,1.18385,1.18378,0.99694,0.94463,0.99314,0.98714,0.70272,1.10861,0.81023,0.94278,0.0006535,0.0006535,0.0006535
37,71.9394,1.09537,1.21671,1.01982,0.92697,0.98245,0.98714,0.68333,1.1419,0.89489,0.94992,0.0006436,0.0006436,0.0006436
38,73.9292,1.14582,1.2955,1.031,0.88485,0.98557,0.99119,0.72178,1.05428,0.9846,0.94702,0.0006337,0.0006337,0.0006337
39,75.9386,1.07883,1.18447,0.98358,0.88485,0.98557,0.99119,0.72178,1.05428,0.9846,0.94702,0.0006238,0.0006238,0.0006238
40,77.8348,1.09623,1.16899,0.95129,0.93552,0.98208,0.99119,0.7483,0.94958,0.90492,0.93136,0.0006139,0.0006139,0.0006139
41,79.7263,1.07325,1.12145,0.98698,0.93171,0.98248,0.97929,0.74107,0.92197,0.8014,0.92378,0.000604,0.000604,0.000604
42,81.5844,1.10038,1.21797,1.00678,0.94907,0.98961,0.97929,0.73073,0.93038,0.79938,0.92144,0.0005941,0.0005941,0.0005941
43,83.4218,1.07919,1.11116,0.97865,0.94907,0.98961,0.97929,0.73073,0.93038,0.79938,0.92144,0.0005842,0.0005842,0.0005842
44,85.2657,1.17789,1.42127,1.02816,0.92815,0.99552,0.97524,0.74385,0.94116,0.88586,0.92444,0.0005743,0.0005743,0.0005743
45,87.154,1.05719,1.17663,0.95357,0.94647,0.98546,0.97131,0.71082,0.95929,0.86447,0.9284,0.0005644,0.0005644,0.0005644
46,89.0108,1.0935,1.17413,0.97532,0.93858,0.99224,0.97524,0.71031,0.99858,0.7289,0.93043,0.0005545,0.0005545,0.0005545
47,90.8442,1.03871,1.14202,0.97285,0.93858,0.99224,0.97524,0.71031,0.99858,0.7289,0.93043,0.0005446,0.0005446,0.0005446
48,92.6957,1.08289,1.16052,1.01299,0.94939,0.98673,0.97929,0.70928,1.00736,0.68216,0.92696,0.0005347,0.0005347,0.0005347
49,94.5555,1.08762,1.20987,0.9853,0.95416,0.9831,0.9831,0.70939,0.97917,0.73321,0.92147,0.0005248,0.0005248,0.0005248
50,96.4097,1.07399,1.09766,0.98692,0.94453,1,0.98714,0.73273,0.98223,0.72113,0.91965,0.0005149,0.0005149,0.0005149
51,98.2388,1.04806,1.15718,0.98371,0.94453,1,0.98714,0.73273,0.98223,0.72113,0.91965,0.000505,0.000505,0.000505
52,100.105,1.1058,1.02992,0.98129,0.95516,0.99603,0.99119,0.72849,1.03373,0.67633,0.91979,0.0004951,0.0004951,0.0004951
53,101.941,1.01729,1.15962,0.99956,0.94631,0.99443,0.99119,0.7367,0.96588,0.67272,0.91177,0.0004852,0.0004852,0.0004852
54,103.801,1.03946,1.17585,0.97912,0.94937,0.99701,0.99119,0.73591,0.93311,0.65213,0.91191,0.0004753,0.0004753,0.0004753
55,105.619,1.07593,1.1301,1.01204,0.94937,0.99701,0.99119,0.73591,0.93311,0.65213,0.91191,0.0004654,0.0004654,0.0004654
56,107.457,1.0604,0.96088,0.93309,0.95066,0.99663,0.995,0.74161,0.97168,0.65626,0.92102,0.0004555,0.0004555,0.0004555
57,109.31,1.00888,1.15377,0.96194,0.94483,1,0.99119,0.74442,0.97302,0.65852,0.91823,0.0004456,0.0004456,0.0004456
58,111.295,1.053,1.05647,0.96643,0.94937,1,0.99119,0.73294,0.99094,0.64071,0.91695,0.0004357,0.0004357,0.0004357
59,113.138,1.05798,1.08886,1.00424,0.94937,1,0.99119,0.73294,0.99094,0.64071,0.91695,0.0004258,0.0004258,0.0004258
60,114.986,1.03108,1.10861,0.97877,0.95857,0.99629,0.99119,0.74032,0.97132,0.62589,0.91269,0.0004159,0.0004159,0.0004159
61,116.84,1.00396,0.96462,0.92976,0.94446,0.98394,0.9831,0.73075,0.93123,0.63327,0.91451,0.000406,0.000406,0.000406
62,118.687,1.00452,1.09323,0.95485,0.93219,0.99335,0.9831,0.72809,0.97143,0.63599,0.9147,0.0003961,0.0003961,0.0003961
63,120.513,0.98754,1.01758,0.93944,0.93219,0.99335,0.9831,0.72809,0.97143,0.63599,0.9147,0.0003862,0.0003862,0.0003862
64,122.382,1.03245,1.02135,0.98545,0.9597,0.99742,0.98714,0.7406,0.97361,0.62181,0.91196,0.0003763,0.0003763,0.0003763
65,124.21,1.05607,1.05065,0.96659,0.93827,1,0.98714,0.74661,0.97883,0.63715,0.90985,0.0003664,0.0003664,0.0003664
66,126.082,0.98963,0.98771,0.93548,0.92546,1,0.98714,0.75202,0.97169,0.64028,0.90523,0.0003565,0.0003565,0.0003565
67,127.964,1.06782,1.04127,0.98929,0.92546,1,0.98714,0.75202,0.97169,0.64028,0.90523,0.0003466,0.0003466,0.0003466
68,129.809,1.08421,1.00628,0.98039,0.94423,0.99618,0.98714,0.77268,0.94416,0.61546,0.89797,0.0003367,0.0003367,0.0003367
69,131.655,0.99437,0.98613,0.95361,0.92882,1,0.9831,0.76901,0.93574,0.61112,0.89631,0.0003268,0.0003268,0.0003268
70,133.483,1.06369,0.99941,0.98481,0.91887,1,0.9831,0.76073,0.94202,0.61401,0.89819,0.0003169,0.0003169,0.0003169
71,135.303,0.99485,0.94465,0.93233,0.91887,1,0.9831,0.76073,0.94202,0.61401,0.89819,0.000307,0.000307,0.000307
72,137.135,1.00954,0.94063,0.95249,0.92048,1,0.9831,0.74849,0.96161,0.61681,0.90244,0.0002971,0.0002971,0.0002971
73,138.963,0.97273,0.92828,0.94355,0.94844,1,0.97524,0.74963,0.96354,0.60161,0.90394,0.0002872,0.0002872,0.0002872
74,140.805,0.96589,0.95976,0.96428,0.94747,0.99961,0.97524,0.73658,1.00756,0.596,0.91162,0.0002773,0.0002773,0.0002773
75,142.615,1.00508,0.94393,0.95537,0.94747,0.99961,0.97524,0.73658,1.00756,0.596,0.91162,0.0002674,0.0002674,0.0002674
76,144.44,1.03883,0.95447,0.9447,0.94323,0.99627,0.97131,0.72724,1.01032,0.60799,0.91133,0.0002575,0.0002575,0.0002575
77,146.306,1.0469,1.03506,0.98349,0.95031,0.99917,0.97131,0.72491,1.01294,0.59942,0.91495,0.0002476,0.0002476,0.0002476
78,148.25,1.03595,0.91821,0.9437,0.95878,0.99619,0.97131,0.72538,1.00004,0.5908,0.91356,0.0002377,0.0002377,0.0002377
79,150.16,0.95917,0.87616,0.91982,0.95878,0.99619,0.97131,0.72538,1.00004,0.5908,0.91356,0.0002278,0.0002278,0.0002278
80,152.023,0.99799,0.91123,0.94061,0.95569,1,0.97131,0.72159,0.99282,0.58513,0.91094,0.0002179,0.0002179,0.0002179
81,153.909,0.96017,0.96036,0.94345,0.95417,1,0.97524,0.73238,0.99825,0.58727,0.91145,0.000208,0.000208,0.000208
82,155.754,0.92133,0.90256,0.91662,0.95281,1,0.97524,0.7449,0.99161,0.58926,0.91108,0.0001981,0.0001981,0.0001981
83,157.58,0.98242,0.87374,0.92798,0.95281,1,0.97524,0.7449,0.99161,0.58926,0.91108,0.0001882,0.0001882,0.0001882
84,159.449,0.9399,1.01471,0.96581,0.95693,1,0.97524,0.72997,1.00693,0.58677,0.91316,0.0001783,0.0001783,0.0001783
85,161.328,0.98595,0.90995,0.95339,0.95791,1,0.97524,0.72,1.05359,0.58981,0.92012,0.0001684,0.0001684,0.0001684
86,163.161,1.03786,0.9078,0.93714,0.9623,1,0.97524,0.71232,1.05622,0.59604,0.9177,0.0001585,0.0001585,0.0001585
87,164.998,0.97233,0.96531,0.97059,0.9623,1,0.97524,0.71232,1.05622,0.59604,0.9177,0.0001486,0.0001486,0.0001486
88,166.846,0.78927,3.76478,0.78479,0.96663,1,0.97929,0.72296,1.03795,0.59226,0.91374,0.0001387,0.0001387,0.0001387
89,168.69,0.95943,0.92598,0.93642,0.96461,1,0.97929,0.72661,1.00897,0.57356,0.90874,0.0001288,0.0001288,0.0001288
90,170.545,0.93673,0.97908,0.94637,0.96465,1,0.97929,0.73612,0.97976,0.55894,0.90509,0.0001189,0.0001189,0.0001189
91,177.823,0.90307,0.94241,0.94965,0.96465,1,0.97929,0.73612,0.97976,0.55894,0.90509,0.000109,0.000109,0.000109
92,179.644,0.96957,0.94163,0.94018,0.96408,1,0.97929,0.73289,0.97158,0.56094,0.9069,9.91e-05,9.91e-05,9.91e-05
93,181.427,0.98807,0.92434,0.97066,0.95883,1,0.97929,0.72535,0.96393,0.56878,0.90432,8.92e-05,8.92e-05,8.92e-05
94,183.262,0.96047,0.98094,0.94241,0.95423,1,0.97929,0.72449,0.95805,0.56708,0.9027,7.93e-05,7.93e-05,7.93e-05
95,185.051,0.95609,0.99779,0.93458,0.95423,1,0.97929,0.72449,0.95805,0.56708,0.9027,6.94e-05,6.94e-05,6.94e-05
96,186.849,0.96676,0.94517,0.97919,0.95303,1,0.97929,0.7336,0.96242,0.571,0.90274,5.95e-05,5.95e-05,5.95e-05
97,188.668,0.91402,0.91449,0.94064,0.95315,0.99744,0.97929,0.73153,0.96425,0.57112,0.90284,4.96e-05,4.96e-05,4.96e-05
98,190.493,0.8561,0.88234,0.91483,0.95221,0.99726,0.97929,0.727,0.96605,0.577,0.90274,3.97e-05,3.97e-05,3.97e-05
99,192.282,1.00983,0.91426,0.9671,0.95221,0.99726,0.97929,0.727,0.96605,0.577,0.90274,2.98e-05,2.98e-05,2.98e-05
100,194.09,1.01001,1.00446,1.03978,0.95273,0.99725,0.97929,0.73103,0.9683,0.57896,0.90203,1.99e-05,1.99e-05,1.99e-05
1,2.41455,3.1108,4.92496,2.0832,0,0,0,0,2.99245,4.46344,1.78094,5e-05,5e-05,5e-05
2,3.64988,2.8104,4.75835,1.88578,0.00156,0.04762,0.00109,0.00033,2.21621,4.19504,1.45131,0.000108911,0.000108911,0.000108911
3,4.73295,2.27766,4.52191,1.69498,0.00802,0.21429,0.0395,0.01429,1.57742,4.19532,1.21905,0.000166634,0.000166634,0.000166634
4,5.79268,1.5738,4.13448,1.27397,0.00681,0.28571,0.15212,0.1055,1.35422,4.04109,1.0404,0.000223169,0.000223169,0.000223169
5,6.83791,1.34806,3.79371,1.13553,0.00681,0.30952,0.18924,0.10804,1.25586,3.93694,1.00355,0.000278516,0.000278516,0.000278516
6,7.88337,1.43074,3.46692,1.10611,0.83333,0.11273,0.22213,0.13859,1.21417,3.71381,0.97096,0.000332675,0.000332675,0.000332675
7,8.93527,1.31218,3.20117,1.08252,0.98592,0.09524,0.24319,0.1258,1.24782,3.40245,0.95538,0.000385646,0.000385646,0.000385646
8,9.93902,1.35305,2.83934,1.06656,1,0.09115,0.32252,0.18932,1.15627,3.32085,0.94969,0.000437429,0.000437429,0.000437429
9,10.97,1.52625,2.67037,1.13879,1,0.05138,0.38306,0.2344,1.11586,3.3638,0.95762,0.000488024,0.000488024,0.000488024
10,12.0295,1.33786,2.3401,1.08912,1,0.14671,0.42994,0.21974,1.31447,3.34654,1.06946,0.000537431,0.000537431,0.000537431
11,13.0786,1.30787,2.28827,1.10757,1,0.17186,0.48636,0.28528,1.27562,3.13867,1.06052,0.00058565,0.00058565,0.00058565
12,14.1142,1.2671,1.9948,1.06159,0.94121,0.30943,0.50784,0.28092,1.35676,3.01052,1.10165,0.000632681,0.000632681,0.000632681
13,15.143,1.2311,1.97152,1.01346,0.9285,0.32538,0.56381,0.27662,1.5026,2.77487,1.10501,0.000678524,0.000678524,0.000678524
14,16.2176,1.2498,1.87286,1.02162,0.88114,0.40346,0.66277,0.37549,1.402,2.55271,1.05282,0.000723179,0.000723179,0.000723179
15,17.2518,1.3385,1.91245,1.08591,0.88114,0.40346,0.66277,0.37549,1.402,2.55271,1.05282,0.000766646,0.000766646,0.000766646
16,18.2639,1.28093,1.71518,1.02601,0.89617,0.37607,0.66145,0.35748,1.44986,2.55088,1.08017,0.000808925,0.000808925,0.000808925
17,19.2764,1.2824,1.49715,1.03228,0.91251,0.32953,0.69697,0.46051,1.24922,2.36885,1.01673,0.0008416,0.0008416,0.0008416
18,20.2891,1.2961,1.53324,1.05892,0.92028,0.73682,0.9064,0.62617,1.1403,1.64472,0.9658,0.0008317,0.0008317,0.0008317
19,21.3132,1.20355,1.37867,0.99986,0.92028,0.73682,0.9064,0.62617,1.1403,1.64472,0.9658,0.0008218,0.0008218,0.0008218
20,22.3338,1.18179,1.41399,1.00746,0.89768,0.86362,0.97229,0.6443,1.22283,1.43175,0.96487,0.0008119,0.0008119,0.0008119
21,23.3944,1.20084,1.44059,1.02708,0.86447,0.65202,0.9436,0.56249,1.38613,1.66523,0.99671,0.000802,0.000802,0.000802
22,24.4113,1.16207,1.32065,0.98326,0.88144,0.93286,0.9675,0.62371,1.29449,1.32248,0.96639,0.0007921,0.0007921,0.0007921
23,25.3995,1.20712,1.2843,1.03752,0.88144,0.93286,0.9675,0.62371,1.29449,1.32248,0.96639,0.0007822,0.0007822,0.0007822
24,26.4224,1.18707,1.23925,0.99322,0.84637,0.93799,0.945,0.62133,1.17783,1.15838,0.95015,0.0007723,0.0007723,0.0007723
25,27.4337,1.12352,1.19971,0.97146,0.87413,0.86111,0.93512,0.62873,1.16102,1.3617,0.94967,0.0007624,0.0007624,0.0007624
26,28.4317,1.18198,1.28038,1.00528,0.886,0.911,0.95569,0.63984,1.14814,1.27334,0.93593,0.0007525,0.0007525,0.0007525
27,29.4583,1.2702,1.32706,1.05756,0.886,0.911,0.95569,0.63984,1.14814,1.27334,0.93593,0.0007426,0.0007426,0.0007426
28,30.5026,1.17796,1.18862,1.01815,0.93183,0.94176,0.96373,0.63929,1.21093,1.23061,0.94501,0.0007327,0.0007327,0.0007327
29,31.5156,1.2243,1.51636,1.03529,0.91504,0.93425,0.96007,0.66948,1.12321,1.1541,0.94397,0.0007228,0.0007228,0.0007228
30,32.5536,1.19357,1.27699,1.02903,0.81455,0.87389,0.91242,0.66459,1.06782,1.23993,0.92751,0.0007129,0.0007129,0.0007129
31,33.5713,1.14796,1.23016,0.99391,0.81455,0.87389,0.91242,0.66459,1.06782,1.23993,0.92751,0.000703,0.000703,0.000703
32,34.5917,1.16409,1.1406,0.99709,0.86701,0.92011,0.94402,0.6857,1.07708,1.02053,0.92755,0.0006931,0.0006931,0.0006931
33,35.6071,1.14738,1.06182,0.96761,0.93865,0.97619,0.9741,0.6973,1.09672,0.86453,0.92072,0.0006832,0.0006832,0.0006832
34,36.6248,1.15472,1.07203,0.97244,0.88975,0.97619,0.97637,0.67489,1.14458,0.93899,0.92358,0.0006733,0.0006733,0.0006733
35,37.6384,1.21237,1.2394,0.99992,0.88975,0.97619,0.97637,0.67489,1.14458,0.93899,0.92358,0.0006634,0.0006634,0.0006634
36,38.7089,1.1525,1.06637,0.96705,0.88153,0.91384,0.97143,0.65357,1.22356,1.16712,0.93744,0.0006535,0.0006535,0.0006535
37,39.8024,1.09383,1.02368,0.99817,0.8999,0.94559,0.98018,0.65128,1.22283,1.11364,0.92719,0.0006436,0.0006436,0.0006436
38,40.8018,1.13834,1.05113,0.97955,0.94137,0.98861,0.9831,0.68594,1.07461,0.93034,0.90369,0.0006337,0.0006337,0.0006337
39,41.7996,1.13521,0.99376,0.97523,0.94137,0.98861,0.9831,0.68594,1.07461,0.93034,0.90369,0.0006238,0.0006238,0.0006238
40,42.8348,1.17316,1.01489,0.97608,0.90131,0.97619,0.98018,0.69287,1.04377,0.90242,0.89831,0.0006139,0.0006139,0.0006139
41,43.8663,1.09685,0.9793,0.97391,0.90898,0.98428,0.9831,0.69449,1.04744,0.87221,0.90577,0.000604,0.000604,0.000604
42,44.8803,1.11731,1.02069,0.98849,0.92923,0.98125,0.9831,0.70266,1.01605,0.8222,0.90599,0.0005941,0.0005941,0.0005941
43,45.9178,1.11402,0.98138,0.97273,0.92923,0.98125,0.9831,0.70266,1.01605,0.8222,0.90599,0.0005842,0.0005842,0.0005842
44,46.9576,1.11464,1.03096,0.97823,0.92884,0.99035,0.9831,0.72133,1.01441,0.81414,0.91682,0.0005743,0.0005743,0.0005743
45,47.9914,1.10684,0.99352,0.96209,0.93993,0.98629,0.9831,0.70316,1.07274,0.77452,0.93536,0.0005644,0.0005644,0.0005644
46,49.051,1.13288,0.96066,0.97464,0.95753,0.99459,0.9831,0.70156,1.10102,0.72292,0.93891,0.0005545,0.0005545,0.0005545
47,50.0555,1.06099,0.97059,0.9587,0.95753,0.99459,0.9831,0.70156,1.10102,0.72292,0.93891,0.0005446,0.0005446,0.0005446
48,51.0765,1.09834,0.98438,1.00925,0.95874,0.99706,0.9831,0.71638,1.06469,0.69352,0.93501,0.0005347,0.0005347,0.0005347
49,52.1089,1.1026,0.95813,0.98513,0.95898,1,0.9831,0.7226,1.02505,0.67391,0.93349,0.0005248,0.0005248,0.0005248
50,53.1488,1.09856,0.94373,1.00004,0.92986,1,0.98714,0.72613,1.03321,0.68789,0.92593,0.0005149,0.0005149,0.0005149
51,54.1853,1.13283,1.04268,1.00252,0.92986,1,0.98714,0.72613,1.03321,0.68789,0.92593,0.000505,0.000505,0.000505
52,55.2232,1.08581,0.91064,0.96868,0.90898,1,0.98714,0.68977,1.10591,0.70805,0.92657,0.0004951,0.0004951,0.0004951
53,56.2397,1.07322,0.9279,1.00584,0.91332,1,0.98714,0.70131,1.04799,0.69934,0.91669,0.0004852,0.0004852,0.0004852
54,57.2884,1.07841,0.94725,0.98406,0.94416,0.99724,0.98714,0.73609,0.97844,0.65956,0.91651,0.0004753,0.0004753,0.0004753
55,58.3028,1.06583,0.94489,0.97345,0.94416,0.99724,0.98714,0.73609,0.97844,0.65956,0.91651,0.0004654,0.0004654,0.0004654
56,59.3356,1.0637,0.82685,0.92096,0.92233,0.99208,0.98714,0.72927,0.97712,0.66442,0.91751,0.0004555,0.0004555,0.0004555
57,60.348,1.05346,0.91488,0.95195,0.91475,0.99167,0.995,0.754,0.97204,0.69301,0.91139,0.0004456,0.0004456,0.0004456
58,61.3934,1.10448,0.90857,0.97254,0.94191,0.99626,0.995,0.74331,0.99945,0.7336,0.90393,0.0004357,0.0004357,0.0004357
59,62.4091,1.09101,0.88344,0.98571,0.94191,0.99626,0.995,0.74331,0.99945,0.7336,0.90393,0.0004258,0.0004258,0.0004258
60,63.4697,1.01911,0.88234,0.95457,0.9444,0.98578,0.995,0.72795,1.01287,0.71928,0.90192,0.0004159,0.0004159,0.0004159
61,64.4812,1.03881,0.85865,0.91842,0.92853,0.99752,0.99119,0.74129,0.98878,0.67682,0.90566,0.000406,0.000406,0.000406
62,65.5466,1.02119,0.93118,0.94163,0.94506,0.96364,0.98714,0.75074,0.97089,0.66832,0.91892,0.0003961,0.0003961,0.0003961
63,66.5758,0.98798,0.85813,0.93048,0.94506,0.96364,0.98714,0.75074,0.97089,0.66832,0.91892,0.0003862,0.0003862,0.0003862
64,67.61,1.06825,0.86697,0.97395,0.95066,0.95863,0.98714,0.75486,0.97814,0.67493,0.92556,0.0003763,0.0003763,0.0003763
65,68.6252,1.05996,0.90005,0.92814,0.93253,0.96565,0.98714,0.72981,1.00501,0.66615,0.92136,0.0003664,0.0003664,0.0003664
66,69.6572,1.02321,0.85091,0.93317,0.90502,1,0.98714,0.70651,1.05718,0.69907,0.91107,0.0003565,0.0003565,0.0003565
67,70.6846,1.11044,0.91911,0.9856,0.90502,1,0.98714,0.70651,1.05718,0.69907,0.91107,0.0003466,0.0003466,0.0003466
68,71.7234,1.13264,0.90112,1.00463,0.93235,0.96048,0.9831,0.70639,1.03936,0.74414,0.90737,0.0003367,0.0003367,0.0003367
69,72.7458,1.01071,0.88647,0.9433,0.91038,1,0.9831,0.71285,0.98763,0.74135,0.9037,0.0003268,0.0003268,0.0003268
70,73.7803,1.09727,0.90848,0.96366,0.91454,1,0.9831,0.72427,0.96156,0.71852,0.90332,0.0003169,0.0003169,0.0003169
71,74.7985,1.0304,0.83767,0.93863,0.91454,1,0.9831,0.72427,0.96156,0.71852,0.90332,0.000307,0.000307,0.000307
72,75.8641,1.04618,0.82066,0.95138,0.92392,1,0.9831,0.71906,0.96154,0.67879,0.90369,0.0002971,0.0002971,0.0002971
73,76.8959,0.98077,0.81724,0.92019,0.93573,1,0.9831,0.70798,0.98699,0.64389,0.90652,0.0002872,0.0002872,0.0002872
74,77.9071,0.99017,0.88574,0.94467,0.93753,1,0.9831,0.69842,1.01779,0.62522,0.90944,0.0002773,0.0002773,0.0002773
75,78.9348,1.01323,0.86138,0.9214,0.93753,1,0.9831,0.69842,1.01779,0.62522,0.90944,0.0002674,0.0002674,0.0002674
76,80.082,1.05231,0.86877,0.94174,0.93896,1,0.97929,0.69469,1.01938,0.61858,0.90762,0.0002575,0.0002575,0.0002575
77,81.1221,1.07701,0.91689,0.95637,0.93327,1,0.97524,0.70122,0.99438,0.6284,0.89963,0.0002476,0.0002476,0.0002476
78,82.1441,1.01895,0.84126,0.90789,0.93512,1,0.97524,0.72237,0.96711,0.64195,0.89377,0.0002377,0.0002377,0.0002377
79,83.1645,1.02855,0.81098,0.91414,0.93512,1,0.97524,0.72237,0.96711,0.64195,0.89377,0.0002278,0.0002278,0.0002278
80,84.2245,1.01669,0.7998,0.92941,0.94742,1,0.97131,0.72996,0.94097,0.64076,0.88927,0.0002179,0.0002179,0.0002179
81,85.2535,1.00863,0.81766,0.93895,0.95216,0.9929,0.97524,0.72731,0.94256,0.63701,0.8936,0.000208,0.000208,0.000208
82,86.293,0.96556,0.82772,0.92511,0.95552,0.99449,0.97131,0.72334,0.95882,0.63437,0.89655,0.0001981,0.0001981,0.0001981
83,87.3209,1.00835,0.80324,0.91458,0.95552,0.99449,0.97131,0.72334,0.95882,0.63437,0.89655,0.0001882,0.0001882,0.0001882
84,88.35,0.98307,0.8732,0.9641,0.95514,0.99754,0.97131,0.70614,1.00617,0.63283,0.90412,0.0001783,0.0001783,0.0001783
85,89.3625,1.01959,0.80659,0.93406,0.95757,0.99126,0.97131,0.68837,1.06976,0.62324,0.91353,0.0001684,0.0001684,0.0001684
86,90.3863,1.06856,0.80954,0.94351,0.96068,0.99003,0.97131,0.68921,1.08137,0.61162,0.91465,0.0001585,0.0001585,0.0001585
87,91.4054,1.00704,0.84563,0.95315,0.96068,0.99003,0.97131,0.68921,1.08137,0.61162,0.91465,0.0001486,0.0001486,0.0001486
88,92.4553,0.8206,2.50401,0.77176,0.9621,0.9947,0.9831,0.70486,1.05693,0.59932,0.90909,0.0001387,0.0001387,0.0001387
89,93.5547,0.98401,0.80049,0.94112,0.9617,1,0.9831,0.70956,1.0087,0.60388,0.90353,0.0001288,0.0001288,0.0001288
90,94.5994,1.05745,0.85098,0.96464,0.95578,1,0.9831,0.73567,0.96066,0.59842,0.89692,0.0001189,0.0001189,0.0001189
91,100.754,0.94271,0.77482,0.92044,0.95578,1,0.9831,0.73567,0.96066,0.59842,0.89692,0.000109,0.000109,0.000109
92,101.792,1.00152,0.80247,0.93207,0.95492,1,0.9831,0.73356,0.93419,0.59931,0.8961,9.91e-05,9.91e-05,9.91e-05
93,102.777,1.03576,0.77346,0.98007,0.95438,1,0.9831,0.73479,0.93318,0.61684,0.89696,8.92e-05,8.92e-05,8.92e-05
94,103.769,0.99647,0.83267,0.9283,0.9531,1,0.97929,0.73983,0.93976,0.6383,0.89717,7.93e-05,7.93e-05,7.93e-05
95,104.737,1.02984,0.84899,0.94269,0.9531,1,0.97929,0.73983,0.93976,0.6383,0.89717,6.94e-05,6.94e-05,6.94e-05
96,105.753,1.02074,0.78705,0.9773,0.95601,1,0.97929,0.73331,0.95991,0.63558,0.90022,5.95e-05,5.95e-05,5.95e-05
97,106.767,0.99664,0.78291,0.95914,0.95664,0.99964,0.97929,0.73295,0.96498,0.63777,0.90214,4.96e-05,4.96e-05,4.96e-05
98,107.777,0.93844,0.76627,0.92155,0.9545,1,0.97929,0.73238,0.97397,0.62478,0.90433,3.97e-05,3.97e-05,3.97e-05
99,108.775,1.05836,0.78968,0.94528,0.9545,1,0.97929,0.73238,0.97397,0.62478,0.90433,2.98e-05,2.98e-05,2.98e-05
100,109.796,1.13856,0.88829,1.08199,0.95521,1,0.97929,0.73594,0.97276,0.61695,0.90372,1.99e-05,1.99e-05,1.99e-05
1,3.40934,3.15908,15.0625,2.22371,0,0,0,0,4.13628,7.91078,2.70206,5e-05,5e-05,5e-05
2,5.68932,2.95689,11.4992,2.03767,0,0,0,0,3.19456,9.85523,2.27371,0.000109455,0.000109455,0.000109455
3,8.15046,2.38524,5.11061,1.77142,0.15271,0.21429,0.09555,0.06857,1.61998,21.8516,1.37945,0.000168317,0.000168317,0.000168317
4,10.5155,1.48401,2.79427,1.24352,0.36411,0.47619,0.41877,0.29919,1.26345,13.0888,1.10069,0.000226584,0.000226584,0.000226584
5,12.9262,1.32336,3.29084,1.15506,0.88084,0.54631,0.67029,0.42604,1.25206,5.36325,1.05017,0.000284258,0.000284258,0.000284258
6,15.3323,1.36512,1.97353,1.10117,0.36838,0.91498,0.55511,0.37127,1.19263,4.18477,1.06928,0.000341337,0.000341337,0.000341337
7,17.6953,1.28064,1.69016,1.04703,0.68276,0.76194,0.81854,0.5824,1.1519,2.5146,1.10703,0.000397823,0.000397823,0.000397823
8,19.9996,1.27694,1.90548,1.09358,0.81183,0.69156,0.81096,0.5599,1.1674,2.07979,1.1144,0.000453714,0.000453714,0.000453714
9,22.2465,1.36203,1.54032,1.12449,0.83388,0.95604,0.94772,0.6505,1.19263,1.54277,1.08374,0.000509012,0.000509012,0.000509012
10,24.5043,1.24081,1.62089,1.08367,0.86496,0.92034,0.96649,0.62898,1.27824,1.28502,1.05996,0.000563715,0.000563715,0.000563715
11,26.617,1.27447,1.74343,1.1422,0.94153,0.91959,0.98142,0.71526,1.05294,1.0498,1.0452,0.000617825,0.000617825,0.000617825
12,28.8395,1.18189,1.24457,1.10296,0.85804,0.91727,0.96753,0.68633,1.12937,0.97378,1.05257,0.00067134,0.00067134,0.00067134
13,30.9838,1.14678,1.25919,1.01892,0.92187,0.96083,0.9675,0.65444,1.28686,0.90202,1.05418,0.000724262,0.000724262,0.000724262
14,33.0843,1.18496,1.21605,1.02496,0.90937,0.96587,0.97131,0.65858,1.17004,1.2211,1.02926,0.00077659,0.00077659,0.00077659
15,35.1664,1.28067,1.21278,1.08669,0.90937,0.96587,0.97131,0.65858,1.17004,1.2211,1.02926,0.000828323,0.000828323,0.000828323
16,37.2684,1.21402,1.13599,1.04452,0.76604,0.91828,0.96183,0.67423,1.15456,1.07287,1.0458,0.000879463,0.000879463,0.000879463
17,39.4233,1.17,1.05845,1.07065,0.80117,0.82575,0.83349,0.57994,1.16228,1.45068,1.06786,0.0009208,0.0009208,0.0009208
18,41.6151,1.24883,1.06204,1.14551,0.76702,0.82373,0.83514,0.55644,1.13598,1.59577,1.0263,0.00091585,0.00091585,0.00091585
19,43.7886,1.16973,0.9855,1.04126,0.76702,0.82373,0.83514,0.55644,1.13598,1.59577,1.0263,0.0009109,0.0009109,0.0009109
20,45.9387,1.20825,0.9815,1.1039,0.91597,0.92945,0.98611,0.69738,1.04635,0.95778,0.99878,0.00090595,0.00090595,0.00090595
21,48.0837,1.13655,1.07144,1.09696,0.88927,0.98196,0.96225,0.67472,1.04978,0.81717,1.02973,0.000901,0.000901,0.000901
22,50.255,1.12364,0.86889,1.01065,0.89486,1,0.971,0.70265,1.02714,0.72464,0.99712,0.00089605,0.00089605,0.00089605
23,52.4155,1.16223,0.85799,1.0307,0.89486,1,0.971,0.70265,1.02714,0.72464,0.99712,0.0008911,0.0008911,0.0008911
24,54.571,1.14717,0.85945,1.01703,0.94045,1,0.97524,0.7295,0.97914,0.66215,0.96579,0.00088615,0.00088615,0.00088615
25,56.8005,1.11458,0.80504,1.00977,0.93848,0.959,0.97524,0.71212,1.01433,0.68914,0.97144,0.0008812,0.0008812,0.0008812
26,58.9609,1.09656,0.8855,1.04676,0.83539,0.97627,0.97929,0.68805,1.09252,0.84947,1.01227,0.00087625,0.00087625,0.00087625
27,61.0996,1.27155,0.97402,1.10768,0.83539,0.97627,0.97929,0.68805,1.09252,0.84947,1.01227,0.0008713,0.0008713,0.0008713
28,63.2493,1.16042,0.81743,1.04022,0.91915,0.92713,0.9831,0.67518,1.19549,0.83019,1.01235,0.00086635,0.00086635,0.00086635
29,65.3907,1.23115,0.932,1.13588,0.92875,1,0.9831,0.69695,1.12066,0.65675,1.00174,0.0008614,0.0008614,0.0008614
30,67.5938,1.15697,0.88279,1.0582,0.93568,0.99321,0.99119,0.71255,1.0476,0.68637,0.99963,0.00085645,0.00085645,0.00085645
31,69.7169,1.16311,0.80336,1.03603,0.93568,0.99321,0.99119,0.71255,1.0476,0.68637,0.99963,0.0008515,0.0008515,0.0008515
32,71.907,1.1128,0.80854,1.02001,0.92931,1,0.99119,0.70998,1.03423,0.62765,0.98947,0.00084655,0.00084655,0.00084655
33,74.3193,1.08437,0.71435,0.9948,0.95014,1,0.99119,0.75147,0.97864,0.60294,0.97894,0.0008416,0.0008416,0.0008416
34,76.9602,1.07995,0.73635,0.99755,0.92997,1,0.99119,0.72375,1.03819,0.62211,0.99623,0.00083665,0.00083665,0.00083665
35,79.5043,1.13629,0.85503,1.00689,0.92997,1,0.99119,0.72375,1.03819,0.62211,0.99623,0.0008317,0.0008317,0.0008317
36,82.265,1.08556,0.73971,0.98584,0.94886,1,0.98714,0.72645,0.99744,0.61924,0.97659,0.00082675,0.00082675,0.00082675
37,84.9654,1.07862,0.69122,1.0359,0.95631,1,0.98714,0.72615,1.07376,0.59519,0.99383,0.0008218,0.0008218,0.0008218
38,87.8493,1.09745,0.70646,1.02072,0.95874,1,0.98714,0.70478,1.08767,0.59249,1.00232,0.00081685,0.00081685,0.00081685
39,90.6154,1.10125,0.66924,1.03406,0.95874,1,0.98714,0.70478,1.08767,0.59249,1.00232,0.0008119,0.0008119,0.0008119
40,93.2663,1.10153,0.70376,0.98762,0.95635,0.9994,0.97131,0.71806,1.04215,0.60797,1.01763,0.00080695,0.00080695,0.00080695
41,96.0092,1.06734,0.67724,0.99565,0.93532,0.99049,0.97131,0.72604,1.02443,0.60764,1.04099,0.000802,0.000802,0.000802
42,98.7405,1.13644,0.72243,1.06237,0.95278,1,0.97131,0.72199,0.99998,0.60199,0.98655,0.00079705,0.00079705,0.00079705
43,101.182,1.0902,0.6561,1.0029,0.95278,1,0.97131,0.72199,0.99998,0.60199,0.98655,0.0007921,0.0007921,0.0007921
44,103.853,1.12078,0.69363,1.06853,0.92416,1,0.9831,0.7205,1.00422,0.59458,0.99642,0.00078715,0.00078715,0.00078715
45,106.436,1.08397,0.6956,1.01455,0.92737,1,0.99119,0.70782,1.04329,0.58884,0.99828,0.0007822,0.0007822,0.0007822
46,109.027,1.10585,0.66252,1.00232,0.92659,1,0.99119,0.70994,1.05006,0.57483,0.9883,0.00077725,0.00077725,0.00077725
47,111.588,1.06354,0.66148,0.99229,0.92659,1,0.99119,0.70994,1.05006,0.57483,0.9883,0.0007723,0.0007723,0.0007723
48,114.157,1.06882,0.67674,1.0193,0.93283,1,0.99119,0.7452,0.98688,0.56728,0.98519,0.00076735,0.00076735,0.00076735
49,116.642,1.09745,0.65732,1.02744,0.93953,1,0.99119,0.73549,0.96216,0.58378,0.99004,0.0007624,0.0007624,0.0007624
50,119.385,1.05772,0.65661,1.01617,0.9227,1,0.99119,0.68198,1.08357,0.61192,1.00736,0.00075745,0.00075745,0.00075745
51,121.904,1.02352,0.68812,1.02295,0.9227,1,0.99119,0.68198,1.08357,0.61192,1.00736,0.0007525,0.0007525,0.0007525
52,124.387,1.03365,0.60862,1.0058,0.94425,1,0.99119,0.70772,1.02029,0.57033,0.99028,0.00074755,0.00074755,0.00074755
53,126.97,1.13244,0.7605,1.10391,0.97543,0.97222,0.99119,0.75531,0.97253,0.54816,0.97823,0.0007426,0.0007426,0.0007426
54,129.507,0.99358,0.70472,1.01671,0.94928,0.97222,0.99119,0.75069,0.9395,0.55399,0.97765,0.00073765,0.00073765,0.00073765
55,131.961,1.15406,0.65656,1.0886,0.94928,0.97222,0.99119,0.75069,0.9395,0.55399,0.97765,0.0007327,0.0007327,0.0007327
56,134.405,1.13172,0.60925,0.96388,0.95393,1,0.99119,0.70015,1.09169,0.57908,1.01116,0.00072775,0.00072775,0.00072775
57,136.873,1.09569,0.64222,0.98445,0.95004,1,0.99119,0.68308,1.16539,0.61029,1.04297,0.0007228,0.0007228,0.0007228
58,139.336,1.08197,0.64571,1.01476,0.95095,1,0.9831,0.71539,1.04974,0.58015,0.99551,0.00071785,0.00071785,0.00071785
59,141.811,1.06673,0.61346,1.04295,0.95095,1,0.9831,0.71539,1.04974,0.58015,0.99551,0.0007129,0.0007129,0.0007129
60,144.458,1.06392,0.62534,1.04079,0.95776,0.98371,0.98714,0.72874,1.04449,0.54131,0.98368,0.00070795,0.00070795,0.00070795
61,147.181,1.02121,0.61007,0.95821,0.95055,0.99462,0.98714,0.71133,1.06386,0.56493,0.98957,0.000703,0.000703,0.000703
62,149.736,1.03452,0.67017,1.03233,0.92254,1,0.9831,0.72243,1.01682,0.58669,0.98016,0.00069805,0.00069805,0.00069805
63,152.252,1.00803,0.62336,0.96759,0.92254,1,0.9831,0.72243,1.01682,0.58669,0.98016,0.0006931,0.0006931,0.0006931
64,155.201,1.0263,0.63919,0.99663,0.94906,1,0.98714,0.71993,1.0192,0.55951,0.96609,0.00068815,0.00068815,0.00068815
65,157.963,1.05643,0.63223,0.9739,0.95049,1,0.99119,0.73038,1.02484,0.55224,0.98368,0.0006832,0.0006832,0.0006832
66,160.384,0.99595,0.57522,0.94543,0.95114,0.99282,0.9831,0.72714,1.00203,0.55664,0.97759,0.00067825,0.00067825,0.00067825
67,162.716,1.09539,0.65643,1.08583,0.95114,0.99282,0.9831,0.72714,1.00203,0.55664,0.97759,0.0006733,0.0006733,0.0006733
68,165.248,1.11626,0.60576,1.04545,0.94359,0.9932,0.97131,0.73187,0.96046,0.50969,0.96228,0.00066835,0.00066835,0.00066835
69,168.079,0.96551,0.58495,0.99504,0.95153,0.99515,0.97131,0.74391,0.9784,0.5149,0.969,0.0006634,0.0006634,0.0006634
70,171.067,1.00141,0.59138,0.98036,0.95042,1,0.97131,0.70527,1.01431,0.53294,0.97509,0.00065845,0.00065845,0.00065845
71,173.803,0.98654,0.57498,0.96107,0.95042,1,0.97131,0.70527,1.01431,0.53294,0.97509,0.0006535,0.0006535,0.0006535
72,176.49,0.97716,0.56123,0.96489,0.94087,1,0.97524,0.72063,1.00078,0.51502,0.98226,0.00064855,0.00064855,0.00064855
73,179.553,0.9751,0.55534,0.97878,0.95302,1,0.97929,0.73094,1.00069,0.53193,0.99651,0.0006436,0.0006436,0.0006436
74,182.616,0.95365,0.58122,0.9899,0.95428,1,0.97524,0.7175,1.03295,0.53204,1.00008,0.00063865,0.00063865,0.00063865
75,185.91,0.96102,0.55884,0.94425,0.95428,1,0.97524,0.7175,1.03295,0.53204,1.00008,0.0006337,0.0006337,0.0006337
76,189.455,0.99037,0.58474,0.96442,0.95523,1,0.97524,0.70805,1.07636,0.52947,0.98786,0.00062875,0.00062875,0.00062875
77,193.599,0.94362,0.54422,0.98453,0.95968,1,0.97929,0.71957,1.0277,0.53498,0.98286,0.0006238,0.0006238,0.0006238
78,196.941,1.00537,0.57048,0.96009,0.96252,1,0.97929,0.71683,0.98761,0.54266,0.98739,0.00061885,0.00061885,0.00061885
79,200.319,0.96515,0.56799,0.94432,0.96252,1,0.97929,0.71683,0.98761,0.54266,0.98739,0.0006139,0.0006139,0.0006139
80,203.693,0.98775,0.56472,0.9755,0.96437,1,0.97929,0.71094,1.03593,0.56435,1.0096,0.00060895,0.00060895,0.00060895
81,206.923,0.99543,0.5712,0.991,0.96316,1,0.97929,0.70589,1.0362,0.54896,0.9994,0.000604,0.000604,0.000604
82,210.038,0.89523,0.55863,0.9329,0.95674,1,0.97131,0.67713,1.08552,0.55016,0.99871,0.00059905,0.00059905,0.00059905
83,212.875,0.98507,0.55373,0.95216,0.95674,1,0.97131,0.67713,1.08552,0.55016,0.99871,0.0005941,0.0005941,0.0005941
84,215.804,0.99621,0.54838,1.05069,0.95149,1,0.97524,0.67536,1.10448,0.55074,0.99294,0.00058915,0.00058915,0.00058915
85,218.839,0.93431,0.5207,0.97361,0.95172,1,0.97524,0.70183,1.05852,0.51601,0.98081,0.0005842,0.0005842,0.0005842
86,221.887,1.02852,0.54948,0.97048,0.95476,1,0.97131,0.73658,0.97252,0.50135,0.97213,0.00057925,0.00057925,0.00057925
87,224.874,1.00549,0.56758,1.04228,0.95476,1,0.97131,0.73658,0.97252,0.50135,0.97213,0.0005743,0.0005743,0.0005743
88,227.836,0.78393,1.13387,0.80578,0.95555,1,0.97131,0.72663,0.99574,0.50721,0.98989,0.00056935,0.00056935,0.00056935
89,230.908,0.96549,0.58183,0.96838,0.9325,1,0.96548,0.70121,1.03378,0.53279,1.00525,0.0005644,0.0005644,0.0005644
90,233.991,1.01482,0.65695,0.99858,0.94858,1,0.97524,0.69357,1.08852,0.54015,1.00744,0.00055945,0.00055945,0.00055945
91,236.971,0.95931,0.58421,0.98241,0.94858,1,0.97524,0.69357,1.08852,0.54015,1.00744,0.0005545,0.0005545,0.0005545
92,240.067,0.98238,0.5675,1.00351,0.95624,1,0.97131,0.68914,1.10281,0.51581,1.00346,0.00054955,0.00054955,0.00054955
93,243.224,1.05285,0.60607,0.95339,0.95603,1,0.97131,0.71442,1.07082,0.50527,0.98426,0.0005446,0.0005446,0.0005446
94,246.451,0.90609,0.59909,0.98073,0.95471,1,0.97929,0.73571,1.01077,0.4982,0.9682,0.00053965,0.00053965,0.00053965
95,249.381,0.99815,0.57138,0.99976,0.95471,1,0.97929,0.73571,1.01077,0.4982,0.9682,0.0005347,0.0005347,0.0005347
96,252.33,0.96247,0.54946,0.9701,0.96197,1,0.97929,0.75124,1.01818,0.49744,0.9829,0.00052975,0.00052975,0.00052975
97,255.27,0.94853,0.59411,0.9844,0.957,1,0.97524,0.73406,1.06627,0.51432,0.99091,0.0005248,0.0005248,0.0005248
98,258.151,0.94634,0.55223,0.93839,0.95438,1,0.97131,0.73611,1.0634,0.51648,0.97988,0.00051985,0.00051985,0.00051985
99,261.094,0.92752,0.59079,0.97467,0.95438,1,0.97131,0.73611,1.0634,0.51648,0.97988,0.0005149,0.0005149,0.0005149
100,264.047,0.89687,0.53022,0.93488,0.95975,1,0.97131,0.73039,1.0327,0.49316,0.96554,0.00050995,0.00050995,0.00050995
101,266.995,0.90839,0.56844,0.99863,0.95991,1,0.97929,0.7469,1.00854,0.48289,0.96475,0.000505,0.000505,0.000505
102,269.961,0.92462,0.54939,0.96144,0.95555,1,0.97524,0.7301,0.99315,0.48767,0.97421,0.00050005,0.00050005,0.00050005
103,273.231,0.87095,0.50142,0.91995,0.95555,1,0.97524,0.7301,0.99315,0.48767,0.97421,0.0004951,0.0004951,0.0004951
104,276.599,0.88287,0.50862,0.9258,0.94892,1,0.97524,0.74356,0.97128,0.4834,0.96496,0.00049015,0.00049015,0.00049015
105,279.736,0.87633,0.50203,0.94647,0.95556,1,0.97524,0.74632,0.97159,0.48303,0.95872,0.0004852,0.0004852,0.0004852
106,282.801,0.93097,0.50927,0.98218,0.96064,1,0.97929,0.7191,1.043,0.49221,0.97382,0.00048025,0.00048025,0.00048025
107,285.886,0.94176,0.51085,1.00524,0.96064,1,0.97929,0.7191,1.043,0.49221,0.97382,0.0004753,0.0004753,0.0004753
108,288.772,0.89337,0.50814,0.99134,0.96548,1,0.97929,0.71467,1.0553,0.47828,0.97021,0.00047035,0.00047035,0.00047035
109,291.788,0.94509,0.56852,0.95017,0.96229,1,0.97929,0.74549,0.99171,0.46926,0.96934,0.0004654,0.0004654,0.0004654
110,294.815,0.98418,0.62424,0.96956,0.95539,1,0.97524,0.73305,0.97791,0.47502,0.96568,0.00046045,0.00046045,0.00046045
111,297.824,0.97414,0.56137,1.02239,0.95539,1,0.97524,0.73305,0.97791,0.47502,0.96568,0.0004555,0.0004555,0.0004555
112,300.93,0.87751,0.50076,0.97322,0.9545,1,0.97524,0.74357,0.96695,0.47186,0.96293,0.00045055,0.00045055,0.00045055
113,304.157,0.8939,0.52249,0.96577,0.96084,1,0.97929,0.73459,1.00387,0.48237,0.96904,0.0004456,0.0004456,0.0004456
114,307.282,0.87954,0.49034,0.95647,0.95347,1,0.97929,0.70933,1.02574,0.49944,0.97576,0.00044065,0.00044065,0.00044065
115,310.348,0.85744,0.50776,0.93565,0.95347,1,0.97929,0.70933,1.02574,0.49944,0.97576,0.0004357,0.0004357,0.0004357
116,313.365,1.01786,0.55263,0.9809,0.94834,1,0.98714,0.71942,1.02023,0.50717,0.97793,0.00043075,0.00043075,0.00043075
117,316.364,0.86544,0.51105,0.96298,0.95039,1,0.98714,0.73983,0.96461,0.48958,0.96574,0.0004258,0.0004258,0.0004258
118,319.502,0.85481,0.52164,0.94847,0.95526,1,0.98714,0.74484,0.94486,0.48485,0.96377,0.00042085,0.00042085,0.00042085
119,322.488,0.87005,0.50911,0.95661,0.95526,1,0.98714,0.74484,0.94486,0.48485,0.96377,0.0004159,0.0004159,0.0004159
120,325.52,0.9429,0.53595,0.96379,0.96011,1,0.9831,0.74002,0.957,0.48915,0.96508,0.00041095,0.00041095,0.00041095
121,328.503,0.88727,0.48858,0.92294,0.96329,1,0.9831,0.75058,0.97557,0.47903,0.96384,0.000406,0.000406,0.000406
122,331.63,0.90162,0.4856,0.93534,0.96404,1,0.9831,0.7353,1.01561,0.48229,0.97169,0.00040105,0.00040105,0.00040105
123,334.944,0.84347,0.48164,0.94535,0.96404,1,0.9831,0.7353,1.01561,0.48229,0.97169,0.0003961,0.0003961,0.0003961
124,338.306,0.81355,0.49684,0.9316,0.96255,1,0.9831,0.73559,1.02416,0.486,0.97312,0.00039115,0.00039115,0.00039115
125,341.68,0.94953,0.51503,1.01747,0.96133,1,0.97929,0.71598,1.02295,0.48871,0.98039,0.0003862,0.0003862,0.0003862
126,346.125,0.81064,0.46466,0.9304,0.95679,1,0.97929,0.70915,1.08532,0.49694,0.99744,0.00038125,0.00038125,0.00038125
127,350.204,0.88865,0.5681,0.95049,0.95679,1,0.97929,0.70915,1.08532,0.49694,0.99744,0.0003763,0.0003763,0.0003763
128,353.559,0.81341,0.47321,0.92197,0.95789,0.99828,0.97929,0.72126,1.05172,0.49063,0.98969,0.00037135,0.00037135,0.00037135
129,357.018,0.78997,0.47547,0.91575,0.96381,0.99926,0.97929,0.75935,0.99939,0.48349,0.97633,0.0003664,0.0003664,0.0003664
130,360.531,0.85322,0.47456,0.94649,0.96384,1,0.9831,0.74433,0.98217,0.4778,0.9777,0.00036145,0.00036145,0.00036145
131,364.543,0.81327,0.48792,0.90619,0.96384,1,0.9831,0.74433,0.98217,0.4778,0.9777,0.0003565,0.0003565,0.0003565
132,368.359,0.89192,0.49723,0.94015,0.96462,1,0.97929,0.73306,1.02293,0.49625,0.98119,0.00035155,0.00035155,0.00035155
133,372.525,0.81597,0.45635,0.92815,0.96529,1,0.97929,0.71291,1.07078,0.50735,0.99062,0.0003466,0.0003466,0.0003466
134,376.643,0.88701,0.47739,0.96927,0.96113,1,0.9831,0.7285,1.04154,0.48287,0.99052,0.00034165,0.00034165,0.00034165
135,381.001,0.8096,0.47097,0.94568,0.96113,1,0.9831,0.7285,1.04154,0.48287,0.99052,0.0003367,0.0003367,0.0003367
136,385.498,0.8449,0.48325,0.89813,0.96226,1,0.99119,0.74005,1.03966,0.47599,0.98956,0.00033175,0.00033175,0.00033175
137,390.163,0.85297,0.48053,0.94774,0.96334,1,0.99119,0.73287,1.03541,0.46843,0.98907,0.0003268,0.0003268,0.0003268
138,395.795,0.75408,0.44873,0.93178,0.96138,1,0.9831,0.72941,1.03363,0.47401,0.99051,0.00032185,0.00032185,0.00032185
139,403.306,0.75213,0.44458,0.93014,0.96138,1,0.9831,0.72941,1.03363,0.47401,0.99051,0.0003169,0.0003169,0.0003169
140,408.941,0.80059,0.45711,0.90323,0.9649,1,0.97929,0.7254,1.07248,0.48593,0.99472,0.00031195,0.00031195,0.00031195
141,413.487,0.83466,0.47321,0.94494,0.96561,1,0.97929,0.7229,1.10873,0.5024,0.9977,0.000307,0.000307,0.000307
142,417.401,0.80636,0.46568,0.92149,0.96543,1,0.97929,0.71923,1.09496,0.50339,0.99528,0.00030205,0.00030205,0.00030205
143,421.162,0.78488,0.48049,0.89271,0.96543,1,0.97929,0.71923,1.09496,0.50339,0.99528,0.0002971,0.0002971,0.0002971
144,425.234,0.80507,0.44759,0.94046,0.96016,1,0.97524,0.73565,1.05085,0.49571,0.99755,0.00029215,0.00029215,0.00029215
145,429.415,0.78493,0.45926,0.92019,0.95712,1,0.97929,0.72803,1.03913,0.48747,1.00333,0.0002872,0.0002872,0.0002872
146,433.363,0.75606,0.45383,0.91705,0.95699,1,0.9831,0.73073,1.05863,0.49516,1.00781,0.00028225,0.00028225,0.00028225
147,437.655,0.82856,0.48958,0.92522,0.95699,1,0.9831,0.73073,1.05863,0.49516,1.00781,0.0002773,0.0002773,0.0002773
148,441.461,0.74255,0.44369,0.8891,0.95937,1,0.98714,0.73144,1.05838,0.49707,1.00626,0.00027235,0.00027235,0.00027235
149,445.602,0.81073,0.47413,0.94884,0.959,1,0.9831,0.73324,1.03895,0.49285,0.99755,0.0002674,0.0002674,0.0002674
150,449.36,0.75543,0.43437,0.92296,0.96164,1,0.9831,0.72434,1.02145,0.49107,0.99339,0.00026245,0.00026245,0.00026245
151,453.297,0.82283,0.46298,0.97849,0.96164,1,0.9831,0.72434,1.02145,0.49107,0.99339,0.0002575,0.0002575,0.0002575
152,457.003,0.81162,0.47411,0.92338,0.96562,1,0.98714,0.7363,1.0257,0.48955,0.99173,0.00025255,0.00025255,0.00025255
153,460.16,0.76072,0.45347,0.92955,0.96481,1,0.98714,0.73513,1.02868,0.48528,0.98677,0.0002476,0.0002476,0.0002476
154,463.008,0.79386,0.47237,0.90636,0.96024,1,0.97929,0.73612,1.02777,0.47524,0.98809,0.00024265,0.00024265,0.00024265
155,465.742,0.82709,0.46474,0.91506,0.96024,1,0.97929,0.73612,1.02777,0.47524,0.98809,0.0002377,0.0002377,0.0002377
156,468.574,0.76946,0.44692,0.9184,0.95858,1,0.9831,0.7447,1.03825,0.47001,0.98729,0.00023275,0.00023275,0.00023275
157,471.425,0.72051,0.44316,0.89373,0.95587,1,0.97929,0.74097,1.03711,0.48161,0.98897,0.0002278,0.0002278,0.0002278
158,474.379,0.78073,0.46012,0.92425,0.94587,1,0.9831,0.73284,1.02177,0.48472,0.9894,0.00022285,0.00022285,0.00022285
159,477.158,0.80311,0.44868,0.94498,0.94587,1,0.9831,0.73284,1.02177,0.48472,0.9894,0.0002179,0.0002179,0.0002179
160,480.081,0.78178,0.45122,0.92396,0.94232,1,0.9831,0.74485,1.02012,0.48088,0.9877,0.00021295,0.00021295,0.00021295
161,483.074,0.74348,0.43297,0.89619,0.94297,1,0.9831,0.73386,1.02277,0.47574,0.98803,0.000208,0.000208,0.000208
162,486.053,0.73723,0.44594,0.87652,0.9453,1,0.97929,0.73104,1.04635,0.4776,0.98828,0.00020305,0.00020305,0.00020305
163,488.982,0.76756,0.46335,0.90192,0.9453,1,0.97929,0.73104,1.04635,0.4776,0.98828,0.0001981,0.0001981,0.0001981
164,491.741,0.7065,0.40758,0.92609,0.9445,1,0.97929,0.73643,1.08182,0.48258,0.99557,0.00019315,0.00019315,0.00019315
165,494.668,0.73563,0.41213,0.91102,0.94704,1,0.97929,0.72946,1.10016,0.47302,0.9973,0.0001882,0.0001882,0.0001882
166,497.443,0.7499,0.41739,0.95499,0.946,1,0.97929,0.72322,1.0886,0.47481,0.99627,0.00018325,0.00018325,0.00018325
167,500.34,0.80337,0.45343,0.99606,0.946,1,0.97929,0.72322,1.0886,0.47481,0.99627,0.0001783,0.0001783,0.0001783
168,503.148,0.71689,0.41326,0.8874,0.93842,1,0.97929,0.74069,1.04434,0.46269,0.99187,0.00017335,0.00017335,0.00017335
169,506.063,0.66666,0.40539,0.90197,0.93608,1,0.97929,0.73703,1.02566,0.47778,0.9905,0.0001684,0.0001684,0.0001684
170,508.89,0.71433,0.43495,0.92486,0.96638,0.95683,0.97929,0.73354,1.03339,0.4899,0.99527,0.00016345,0.00016345,0.00016345
171,511.685,0.77014,0.43338,0.92924,0.96638,0.95683,0.97929,0.73354,1.03339,0.4899,0.99527,0.0001585,0.0001585,0.0001585
172,514.68,0.71121,0.42567,0.88963,0.96584,0.95673,0.97524,0.72771,1.0609,0.49754,0.99629,0.00015355,0.00015355,0.00015355
173,517.703,0.76507,0.44073,0.9497,0.96515,0.9573,0.97524,0.72402,1.07903,0.49309,1.00429,0.0001486,0.0001486,0.0001486
174,520.811,0.69646,0.42667,0.88691,0.96486,0.95844,0.97131,0.70613,1.08311,0.49682,1.00547,0.00014365,0.00014365,0.00014365
175,523.631,0.78067,0.63667,0.90621,0.96486,0.95844,0.97131,0.70613,1.08311,0.49682,1.00547,0.0001387,0.0001387,0.0001387
176,526.523,0.66744,0.43093,0.89913,0.92321,1,0.97131,0.72678,1.0757,0.48786,0.99942,0.00013375,0.00013375,0.00013375
177,529.337,0.72675,0.41676,0.92458,0.92337,1,0.97131,0.72245,1.05701,0.47972,0.99798,0.0001288,0.0001288,0.0001288
178,532.31,0.68789,0.43218,0.89315,0.92849,1,0.97929,0.73094,1.04737,0.47562,0.99306,0.00012385,0.00012385,0.00012385
179,535.039,0.70063,0.41276,0.94668,0.92849,1,0.97929,0.73094,1.04737,0.47562,0.99306,0.0001189,0.0001189,0.0001189
180,537.842,0.78239,0.50843,0.94153,0.93264,1,0.97929,0.72891,1.0552,0.47403,0.99494,0.00011395,0.00011395,0.00011395
181,540.648,0.71079,0.41662,0.88592,0.94124,1,0.97929,0.72736,1.07095,0.4839,0.99833,0.000109,0.000109,0.000109
182,543.635,0.66261,0.3987,0.8703,0.9389,1,0.97929,0.72667,1.07702,0.48531,0.99848,0.00010405,0.00010405,0.00010405
183,546.789,0.6248,0.40954,0.89174,0.9389,1,0.97929,0.72667,1.07702,0.48531,0.99848,9.91e-05,9.91e-05,9.91e-05
184,549.686,0.64041,0.40024,0.90384,0.93466,1,0.97929,0.72356,1.06473,0.48157,0.99701,9.415e-05,9.415e-05,9.415e-05
185,552.461,0.72592,0.42643,0.90638,0.93093,1,0.97929,0.72911,1.05164,0.48398,0.99246,8.92e-05,8.92e-05,8.92e-05
186,555.258,0.7549,0.43081,0.90423,0.92769,1,0.9831,0.73283,1.04537,0.49039,0.99264,8.425e-05,8.425e-05,8.425e-05
187,557.976,0.71148,0.42934,0.94829,0.92769,1,0.9831,0.73283,1.04537,0.49039,0.99264,7.93e-05,7.93e-05,7.93e-05
188,560.863,0.68258,0.42442,0.8853,0.92297,1,0.97929,0.72142,1.04328,0.48834,0.9928,7.435e-05,7.435e-05,7.435e-05
189,563.802,0.64411,0.40467,0.87935,0.96668,0.95666,0.97929,0.72432,1.04091,0.49036,0.99143,6.94e-05,6.94e-05,6.94e-05
190,567.264,0.66252,0.42057,0.91647,0.96614,0.95632,0.97929,0.7352,1.04463,0.48422,0.99259,6.445e-05,6.445e-05,6.445e-05
191,578.305,0.66613,0.3843,0.92655,0.96614,0.95632,0.97929,0.7352,1.04463,0.48422,0.99259,5.95e-05,5.95e-05,5.95e-05
192,581.444,0.64839,0.37177,0.89227,0.96534,0.95665,0.97524,0.72527,1.05162,0.49108,0.99271,5.455e-05,5.455e-05,5.455e-05
193,584.232,0.66148,0.41338,0.89698,0.96419,0.95674,0.97524,0.72763,1.0687,0.49225,0.99339,4.96e-05,4.96e-05,4.96e-05
194,587.053,0.66137,0.37439,0.93274,0.96434,0.95671,0.97131,0.71471,1.08309,0.49121,0.99737,4.465e-05,4.465e-05,4.465e-05
195,589.802,0.60419,0.36231,0.88188,0.96434,0.95671,0.97131,0.71471,1.08309,0.49121,0.99737,3.97e-05,3.97e-05,3.97e-05
196,592.602,0.66361,0.37833,0.92906,0.96464,0.95643,0.97131,0.714,1.08718,0.48847,0.99842,3.475e-05,3.475e-05,3.475e-05
197,595.46,0.64184,0.37209,0.91036,0.96445,0.95629,0.97131,0.7159,1.08251,0.49572,0.99855,2.98e-05,2.98e-05,2.98e-05
198,598.28,0.60438,0.36279,0.88588,0.96467,0.95618,0.97131,0.72306,1.07531,0.49326,0.9993,2.485e-05,2.485e-05,2.485e-05
199,601.204,0.58805,0.37552,0.90797,0.96467,0.95618,0.97131,0.72306,1.07531,0.49326,0.9993,1.99e-05,1.99e-05,1.99e-05
200,604.373,0.59466,0.36739,0.86277,0.96501,0.95643,0.97131,0.72674,1.07756,0.48715,1.00081,1.495e-05,1.495e-05,1.495e-05
1,6.60917,3.24837,24.4056,2.31274,0,0,0,0,3.66911,8.85314,2.56079,5e-05,5e-05,5e-05
2,10.7995,3.13641,15.3108,2.23679,0,0,0,0,3.61692,10.6639,2.4968,0.000109455,0.000109455,0.000109455
3,15.0039,2.87738,10.0103,2.09791,0.76461,0.11905,0.10167,0.03983,1.79468,25.4388,1.69053,0.000168317,0.000168317,0.000168317
4,19.1994,1.55554,3.40218,1.38588,0.15458,0.36725,0.17069,0.11412,1.29073,16.1063,1.26942,0.000226584,0.000226584,0.000226584
5,23.4486,1.3355,3.74569,1.19442,0.72112,0.57143,0.55472,0.35287,1.31655,8.20633,1.09935,0.000284258,0.000284258,0.000284258
6,27.7322,1.43511,2.44857,1.10573,0.4923,0.81656,0.80596,0.53564,1.27003,5.4229,1.0805,0.000341337,0.000341337,0.000341337
7,31.9907,1.31237,2.05465,1.05669,0.55361,0.84054,0.91217,0.60713,1.13613,3.31053,1.02799,0.000397823,0.000397823,0.000397823
8,36.2485,1.27197,2.26948,1.06396,0.84948,0.68809,0.95316,0.61479,1.14837,2.87474,1.025,0.000453714,0.000453714,0.000453714
9,40.4939,1.37285,1.86778,1.11896,0.78165,0.88317,0.91425,0.59411,1.10854,2.45566,1.02162,0.000509012,0.000509012,0.000509012
10,44.7107,1.32543,1.74037,1.09174,0.56018,0.6911,0.79475,0.4565,1.45516,2.76294,1.13606,0.000563715,0.000563715,0.000563715
11,48.8618,1.2646,2.03142,1.13185,0.82586,0.81884,0.93972,0.64077,1.13345,1.72408,0.99964,0.000617825,0.000617825,0.000617825
12,53.2201,1.21051,1.72226,1.05823,0.73698,0.75916,0.85282,0.55285,1.19329,1.55647,1.02207,0.00067134,0.00067134,0.00067134
13,57.5203,1.24607,1.40339,1.0558,0.72404,0.83623,0.82031,0.52687,1.20923,2.78725,1.04406,0.000724262,0.000724262,0.000724262
14,61.7048,1.17492,1.35262,1.03933,0.64338,0.64703,0.53097,0.35072,1.22553,52.7804,1.02466,0.00077659,0.00077659,0.00077659
15,65.8518,1.22924,1.38939,1.06641,0.64338,0.64703,0.53097,0.35072,1.22553,52.7804,1.02466,0.000828323,0.000828323,0.000828323
16,70.1632,1.18246,1.29878,1.0285,0.7558,0.78175,0.72976,0.55879,1.06295,74.8654,1.00947,0.000879463,0.000879463,0.000879463
17,74.3621,1.14012,1.18829,1.00194,0.79191,0.43651,0.58732,0.45589,1.02639,87.7753,1.00546,0.0009208,0.0009208,0.0009208
18,78.3973,1.23954,1.2306,1.05882,0.92141,0.93708,0.96244,0.6814,1.0854,1.41624,1.0002,0.00091585,0.00091585,0.00091585
19,82.844,1.22944,1.00382,1.01757,0.92141,0.93708,0.96244,0.6814,1.0854,1.41624,1.0002,0.0009109,0.0009109,0.0009109
20,87.0052,1.15343,0.99186,1.0262,0.92365,0.9705,0.98147,0.7022,1.05231,0.78177,1.00186,0.00090595,0.00090595,0.00090595
21,91.2454,1.19804,1.13747,1.03643,0.92797,0.96949,0.98042,0.71491,0.97872,0.69838,0.95955,0.000901,0.000901,0.000901
22,95.6593,1.09225,0.92839,0.99068,0.93645,0.96838,0.97548,0.71196,1.01729,0.77721,0.964,0.00089605,0.00089605,0.00089605
23,99.8652,1.1519,0.9332,1.04864,0.93645,0.96838,0.97548,0.71196,1.01729,0.77721,0.964,0.0008911,0.0008911,0.0008911
24,104.025,1.16032,0.92042,1.01068,0.93785,0.8761,0.95958,0.65346,1.16975,0.84583,1.00842,0.00088615,0.00088615,0.00088615
25,108.201,1.11914,0.94459,1.01004,0.88646,0.70003,0.7755,0.50556,1.29612,1.67394,1.05773,0.0008812,0.0008812,0.0008812
26,112.382,1.12396,1.00339,1.00767,0.92085,0.92522,0.97934,0.65504,1.2196,0.81768,1.02529,0.00087625,0.00087625,0.00087625
27,116.52,1.28616,1.10365,1.09716,0.92085,0.92522,0.97934,0.65504,1.2196,0.81768,1.02529,0.0008713,0.0008713,0.0008713
28,120.73,1.17461,0.86685,1.04027,0.95306,0.90557,0.98419,0.6714,1.20809,0.75848,1.04399,0.00086635,0.00086635,0.00086635
29,124.849,1.28007,0.9487,1.07886,0.95276,0.93787,0.99119,0.69367,1.16126,0.73313,1.02947,0.0008614,0.0008614,0.0008614
30,129.187,1.19015,0.96213,1.06359,0.95953,0.92857,0.97104,0.72738,0.99998,0.73113,1.00802,0.00085645,0.00085645,0.00085645
31,133.199,1.13841,0.80304,1.00578,0.95953,0.92857,0.97104,0.72738,0.99998,0.73113,1.00802,0.0008515,0.0008515,0.0008515
32,137.102,1.1745,0.79049,1.01765,0.95791,0.94004,0.99119,0.73734,1.03032,0.69605,0.9884,0.00084655,0.00084655,0.00084655
33,140.822,1.11824,0.75766,0.99434,0.91729,0.9918,0.99119,0.69699,1.1313,0.6987,0.99856,0.0008416,0.0008416,0.0008416
34,144.515,1.11526,0.71085,0.99105,0.94172,0.99644,0.98714,0.69865,1.11174,0.67028,0.99309,0.00083665,0.00083665,0.00083665
35,148.097,1.10243,0.82528,1.00841,0.94172,0.99644,0.98714,0.69865,1.11174,0.67028,0.99309,0.0008317,0.0008317,0.0008317
36,152.034,1.13752,0.75386,1.009,0.94345,1,0.97929,0.72058,1.05006,0.62683,0.99869,0.00082675,0.00082675,0.00082675
37,155.809,1.10793,0.74111,1.02879,0.95176,0.99716,0.97524,0.70938,1.07778,0.64635,0.99574,0.0008218,0.0008218,0.0008218
38,159.45,1.11496,0.73888,1.0468,0.918,1,0.97524,0.72304,1.03589,0.65012,0.99301,0.00081685,0.00081685,0.00081685
39,163.069,1.13061,0.72894,1.04399,0.918,1,0.97524,0.72304,1.03589,0.65012,0.99301,0.0008119,0.0008119,0.0008119
40,166.786,1.12535,0.69728,1.0107,0.93422,0.97948,0.97524,0.7279,0.9863,0.67638,0.98277,0.00080695,0.00080695,0.00080695
41,170.54,1.05354,0.7146,1.01262,0.94566,0.99388,0.97131,0.70753,1.01259,0.63813,0.9962,0.000802,0.000802,0.000802
42,174.022,1.09758,0.77007,1.03569,0.94829,0.99447,0.97524,0.72864,1.04804,0.64087,0.98223,0.00079705,0.00079705,0.00079705
43,177.749,1.09829,0.71182,0.99937,0.94829,0.99447,0.97524,0.72864,1.04804,0.64087,0.98223,0.0007921,0.0007921,0.0007921
44,181.276,1.10487,0.76729,1.067,0.93571,1,0.9831,0.72985,1.02163,0.65749,0.97877,0.00078715,0.00078715,0.00078715
45,184.648,1.06874,0.73185,1.01562,0.95526,0.98958,0.9831,0.75074,0.98434,0.62182,0.98092,0.0007822,0.0007822,0.0007822
46,188.053,1.11007,0.6862,1.00795,0.94308,0.97244,0.9831,0.74911,0.99098,0.64009,0.98793,0.00077725,0.00077725,0.00077725
47,191.334,1.04454,0.74756,0.97572,0.94308,0.97244,0.9831,0.74911,0.99098,0.64009,0.98793,0.0007723,0.0007723,0.0007723
48,194.661,1.06892,0.69541,1.00949,0.94926,0.98498,0.97929,0.74277,0.98969,0.60334,0.98104,0.00076735,0.00076735,0.00076735
49,198.068,1.05789,0.68502,1.00573,0.95958,0.9882,0.97929,0.7435,0.97485,0.57393,0.96908,0.0007624,0.0007624,0.0007624
50,201.513,1.02252,0.6756,0.9956,0.95897,1,0.9831,0.69786,1.14509,0.59567,0.98287,0.00075745,0.00075745,0.00075745
51,204.792,1.10058,0.72945,1.01834,0.95897,1,0.9831,0.69786,1.14509,0.59567,0.98287,0.0007525,0.0007525,0.0007525
52,208.234,1.08205,0.63789,0.9926,0.95992,1,0.9831,0.72166,1.11121,0.59163,0.98212,0.00074755,0.00074755,0.00074755
53,211.687,1.07125,0.70814,1.04091,0.96128,0.9979,0.98714,0.7317,1.02355,0.58683,0.98682,0.0007426,0.0007426,0.0007426
54,215.179,1.06194,0.71459,0.99876,0.95861,0.97246,0.99119,0.7412,1.0135,0.58559,0.98767,0.00073765,0.00073765,0.00073765
55,218.683,1.17779,0.67322,1.05173,0.95861,0.97246,0.99119,0.7412,1.0135,0.58559,0.98767,0.0007327,0.0007327,0.0007327
56,222.231,1.13172,0.6363,0.95147,0.94598,0.99277,0.98714,0.72654,1.03492,0.56015,0.98636,0.00072775,0.00072775,0.00072775
57,225.716,1.0535,0.64216,0.9882,0.95711,1,0.98714,0.71114,1.06889,0.5596,0.98691,0.0007228,0.0007228,0.0007228
58,229.146,1.05972,0.64924,0.99889,0.95917,1,0.9831,0.73521,0.99341,0.56548,0.98092,0.00071785,0.00071785,0.00071785
59,232.66,1.04105,0.64254,1.03077,0.95917,1,0.9831,0.73521,0.99341,0.56548,0.98092,0.0007129,0.0007129,0.0007129
60,236.2,1.01446,0.63095,0.98585,0.96494,1,0.9831,0.71443,1.01637,0.5788,0.98321,0.00070795,0.00070795,0.00070795
61,239.671,0.98922,0.60225,0.93043,0.96173,0.99336,0.9831,0.72247,1.03103,0.58254,0.97887,0.000703,0.000703,0.000703
62,243.122,0.93539,0.63289,0.9351,0.94431,1,0.9831,0.72202,1.02447,0.56813,0.96919,0.00069805,0.00069805,0.00069805
63,246.561,0.96459,0.60058,0.94594,0.94431,1,0.9831,0.72202,1.02447,0.56813,0.96919,0.0006931,0.0006931,0.0006931
64,250.091,1.01712,0.60608,1.00613,0.9413,1,0.98714,0.72387,0.99848,0.57038,0.97735,0.00068815,0.00068815,0.00068815
65,253.56,1.02479,0.62576,0.97195,0.95325,1,0.99119,0.7093,1.00891,0.56399,0.98626,0.0006832,0.0006832,0.0006832
66,257.129,0.98735,0.59349,0.95844,0.95965,0.99917,0.98714,0.71617,1.05135,0.55831,0.98519,0.00067825,0.00067825,0.00067825
67,260.556,1.11623,0.64385,1.03557,0.95965,0.99917,0.98714,0.71617,1.05135,0.55831,0.98519,0.0006733,0.0006733,0.0006733
68,264.103,1.09187,0.62595,1.01691,0.95551,1,0.98714,0.72987,1.04646,0.54283,0.97523,0.00066835,0.00066835,0.00066835
69,267.684,0.97524,0.60838,0.97884,0.95099,1,0.98714,0.73365,1.01859,0.52739,0.96948,0.0006634,0.0006634,0.0006634
70,271.262,1.02896,0.64156,0.97328,0.94719,1,0.98714,0.71288,1.06911,0.54809,0.97515,0.00065845,0.00065845,0.00065845
71,274.954,0.98425,0.60735,0.95462,0.94719,1,0.98714,0.71288,1.06911,0.54809,0.97515,0.0006535,0.0006535,0.0006535
72,278.75,0.99168,0.58786,0.99765,0.96234,1,0.98714,0.71234,1.08635,0.57007,0.97713,0.00064855,0.00064855,0.00064855
73,282.069,0.97457,0.59878,0.96526,0.95389,1,0.98714,0.7308,1.06224,0.57134,0.97988,0.0006436,0.0006436,0.0006436
74,285.294,0.94922,0.59565,0.95436,0.95477,1,0.99119,0.74653,1.02092,0.54597,0.96919,0.00063865,0.00063865,0.00063865
75,288.618,0.99288,0.57506,0.9607,0.95477,1,0.99119,0.74653,1.02092,0.54597,0.96919,0.0006337,0.0006337,0.0006337
76,291.829,1.01979,0.5808,0.94519,0.95879,1,0.9831,0.7374,1.03913,0.54907,0.96181,0.00062875,0.00062875,0.00062875
77,295.024,0.97612,0.57736,0.97033,0.95641,1,0.9831,0.73288,1.04883,0.55825,0.9753,0.0006238,0.0006238,0.0006238
78,298.286,1.00184,0.57121,0.93328,0.955,1,0.97929,0.69382,1.11052,0.55634,1.00459,0.00061885,0.00061885,0.00061885
79,301.468,0.95648,0.5776,0.93592,0.955,1,0.97929,0.69382,1.11052,0.55634,1.00459,0.0006139,0.0006139,0.0006139
80,304.67,1.01414,0.5794,0.96522,0.95725,1,0.97929,0.7006,1.08474,0.56463,1.01149,0.00060895,0.00060895,0.00060895
81,308.004,0.93374,0.58538,0.96725,0.96192,1,0.9831,0.72049,1.05108,0.55434,0.98598,0.000604,0.000604,0.000604
82,311.44,0.93131,0.58563,0.93906,0.95868,1,0.97929,0.72075,1.07019,0.53917,0.98195,0.00059905,0.00059905,0.00059905
83,314.755,0.99234,0.58141,0.95736,0.95868,1,0.97929,0.72075,1.07019,0.53917,0.98195,0.0005941,0.0005941,0.0005941
84,317.956,0.92803,0.58012,0.99339,0.96119,1,0.97929,0.71264,1.02265,0.54107,0.97504,0.00058915,0.00058915,0.00058915
85,321.446,0.93265,0.54076,0.97585,0.95975,1,0.97929,0.70847,1.05827,0.55225,0.9773,0.0005842,0.0005842,0.0005842
86,325.15,1.03224,0.5741,0.96787,0.96304,1,0.97929,0.70185,1.07327,0.55376,0.98482,0.00057925,0.00057925,0.00057925
87,329.332,0.98258,0.57911,0.98264,0.96304,1,0.97929,0.70185,1.07327,0.55376,0.98482,0.0005743,0.0005743,0.0005743
88,333.645,0.77413,1.23767,0.80588,0.96626,1,0.9831,0.70333,1.11396,0.5581,0.99208,0.00056935,0.00056935,0.00056935
89,338.08,0.94914,0.57692,0.96818,0.98157,0.97222,0.99119,0.72083,1.08657,0.53794,0.98763,0.0005644,0.0005644,0.0005644
90,342.446,0.948,0.59734,1.00369,0.98643,0.9528,0.99119,0.7136,1.12194,0.55914,0.99347,0.00055945,0.00055945,0.00055945
91,346.594,1.01063,0.60099,0.99809,0.98643,0.9528,0.99119,0.7136,1.12194,0.55914,0.99347,0.0005545,0.0005545,0.0005545
92,351.01,0.94909,0.57017,0.98554,0.96316,0.99691,0.98714,0.72776,1.10912,0.54691,1.00098,0.00054955,0.00054955,0.00054955
93,355.228,0.96999,0.5844,0.93645,0.96105,0.9977,0.9831,0.71812,1.08897,0.5508,0.98714,0.0005446,0.0005446,0.0005446
94,359.318,0.87551,0.61624,0.92693,0.95907,1,0.97929,0.70647,1.11871,0.55714,0.99664,0.00053965,0.00053965,0.00053965
95,363.956,0.96985,0.584,0.99377,0.95907,1,0.97929,0.70647,1.11871,0.55714,0.99664,0.0005347,0.0005347,0.0005347
96,368.608,0.98372,0.56331,0.97231,0.95725,1,0.97524,0.68272,1.16617,0.56561,0.99948,0.00052975,0.00052975,0.00052975
97,373.358,0.96344,0.58097,0.9934,0.95515,1,0.97524,0.68966,1.14926,0.55043,0.99353,0.0005248,0.0005248,0.0005248
98,378.125,0.93426,0.56379,0.94652,0.95772,1,0.97524,0.69743,1.10164,0.53105,0.98068,0.00051985,0.00051985,0.00051985
99,382.752,0.92578,0.61997,0.96331,0.95772,1,0.97524,0.69743,1.10164,0.53105,0.98068,0.0005149,0.0005149,0.0005149
100,387.265,0.86814,0.52736,0.92868,0.95711,1,0.97929,0.71508,1.03681,0.51878,0.97965,0.00050995,0.00050995,0.00050995
101,391.666,0.91048,0.57105,0.97488,0.95825,1,0.97524,0.71646,1.014,0.50026,0.98214,0.000505,0.000505,0.000505
102,396.344,0.97651,0.55895,0.96978,0.9623,1,0.97524,0.73126,1.00782,0.50155,0.97804,0.00050005,0.00050005,0.00050005
103,400.646,0.8886,0.51315,0.92026,0.9623,1,0.97524,0.73126,1.00782,0.50155,0.97804,0.0004951,0.0004951,0.0004951
104,404.67,0.89517,0.51654,0.94276,0.96607,1,0.97524,0.72788,1.00603,0.49557,0.97348,0.00049015,0.00049015,0.00049015
105,408.607,0.9294,0.52838,0.91608,0.96086,0.99473,0.97524,0.72136,1.03998,0.51063,0.97538,0.0004852,0.0004852,0.0004852
106,412.48,0.93247,0.54052,0.98564,0.96077,0.99079,0.98714,0.69965,1.12203,0.5137,1.00116,0.00048025,0.00048025,0.00048025
107,416.297,0.93404,0.52365,0.93712,0.96077,0.99079,0.98714,0.69965,1.12203,0.5137,1.00116,0.0004753,0.0004753,0.0004753
108,420.144,0.9357,0.52145,0.96774,0.95885,1,0.97929,0.68831,1.12929,0.52004,1.00651,0.00047035,0.00047035,0.00047035
109,423.942,0.93083,0.56434,0.94747,0.95706,1,0.97524,0.69701,1.09297,0.50759,1.00137,0.0004654,0.0004654,0.0004654
110,427.818,0.97268,0.55125,0.96619,0.95849,1,0.97929,0.70761,1.08303,0.51489,1.00609,0.00046045,0.00046045,0.00046045
111,431.656,0.94341,0.57188,1.03383,0.95849,1,0.97929,0.70761,1.08303,0.51489,1.00609,0.0004555,0.0004555,0.0004555
112,435.553,0.84972,0.5049,0.95298,0.95949,1,0.97929,0.68537,1.10222,0.52376,1.01173,0.00045055,0.00045055,0.00045055
113,439.41,0.84615,0.52216,0.95875,0.96534,1,0.97524,0.67763,1.1061,0.5298,1.01535,0.0004456,0.0004456,0.0004456
114,443.241,0.85743,0.50133,0.94631,0.96557,1,0.97524,0.70548,1.08667,0.53649,1.00734,0.00044065,0.00044065,0.00044065
115,447.142,0.82592,0.50707,0.91527,0.96557,1,0.97524,0.70548,1.08667,0.53649,1.00734,0.0004357,0.0004357,0.0004357
116,450.996,0.9303,0.63024,0.98924,0.9606,1,0.97524,0.69323,1.11134,0.52168,1.01814,0.00043075,0.00043075,0.00043075
117,455.115,0.84358,0.50291,0.91803,0.96115,1,0.97524,0.69115,1.14083,0.51644,1.02797,0.0004258,0.0004258,0.0004258
118,459.054,0.83132,0.5009,0.92949,0.9578,1,0.97929,0.6963,1.11122,0.52377,1.02902,0.00042085,0.00042085,0.00042085
119,463.027,0.85382,0.51679,0.93506,0.9578,1,0.97929,0.6963,1.11122,0.52377,1.02902,0.0004159,0.0004159,0.0004159
120,467.053,0.87373,0.52631,0.93707,0.95519,0.99796,0.97524,0.69077,1.11533,0.52896,1.0222,0.00041095,0.00041095,0.00041095
121,471.107,0.87272,0.49983,0.92618,0.9528,1,0.97929,0.68304,1.16825,0.52939,1.01837,0.000406,0.000406,0.000406
122,475.113,0.9021,0.49587,0.94295,0.95421,1,0.97131,0.67859,1.14893,0.52725,1.02055,0.00040105,0.00040105,0.00040105
123,479.114,0.83268,0.48354,0.92167,0.95421,1,0.97131,0.67859,1.14893,0.52725,1.02055,0.0003961,0.0003961,0.0003961
124,483.195,0.8231,0.52056,0.94084,0.95505,0.99939,0.97131,0.68786,1.07854,0.5284,1.02245,0.00039115,0.00039115,0.00039115
125,487.134,0.92397,0.52352,1.00547,0.95066,1,0.97131,0.70554,1.07649,0.52466,1.02316,0.0003862,0.0003862,0.0003862
126,491.027,0.83694,0.47487,0.92999,0.96088,1,0.97131,0.70875,1.09533,0.53143,1.02987,0.00038125,0.00038125,0.00038125
127,494.926,0.87408,0.61984,0.96106,0.96088,1,0.97131,0.70875,1.09533,0.53143,1.02987,0.0003763,0.0003763,0.0003763
128,498.799,0.80942,0.47852,0.90109,0.96427,1,0.97929,0.69819,1.06537,0.53045,1.02112,0.00037135,0.00037135,0.00037135
129,502.772,0.80058,0.48552,0.92174,0.96501,1,0.9831,0.709,1.05051,0.53091,1.02104,0.0003664,0.0003664,0.0003664
130,506.845,0.87209,0.5039,0.95575,0.9579,1,0.9831,0.7163,1.04594,0.52077,1.02838,0.00036145,0.00036145,0.00036145
131,510.717,0.81688,0.4903,0.90025,0.9579,1,0.9831,0.7163,1.04594,0.52077,1.02838,0.0003565,0.0003565,0.0003565
132,514.712,0.8866,0.53062,0.95978,0.95455,0.99502,0.97929,0.69936,1.10679,0.50614,1.03562,0.00035155,0.00035155,0.00035155
133,518.636,0.8173,0.45844,0.92195,0.95819,0.99484,0.97929,0.68691,1.15444,0.51407,1.03575,0.0003466,0.0003466,0.0003466
134,522.554,0.83617,0.48019,0.96436,0.96592,1,0.97131,0.71717,1.08579,0.51348,1.02368,0.00034165,0.00034165,0.00034165
135,526.42,0.7859,0.49774,0.90165,0.96592,1,0.97131,0.71717,1.08579,0.51348,1.02368,0.0003367,0.0003367,0.0003367
136,530.261,0.87047,0.49317,0.92482,0.96328,1,0.97131,0.70316,1.07501,0.4976,1.02246,0.00033175,0.00033175,0.00033175
137,534.127,0.86341,0.49581,0.94534,0.9611,1,0.97131,0.69886,1.076,0.48844,1.01866,0.0003268,0.0003268,0.0003268
138,538.065,0.76169,0.46277,0.91543,0.96143,1,0.97131,0.68419,1.07888,0.48593,1.01991,0.00032185,0.00032185,0.00032185
139,541.961,0.7939,0.45829,0.90714,0.96143,1,0.97131,0.68419,1.07888,0.48593,1.01991,0.0003169,0.0003169,0.0003169
140,545.786,0.8142,0.47258,0.90228,0.96187,1,0.97524,0.6901,1.10897,0.50247,1.02814,0.00031195,0.00031195,0.00031195
141,549.629,0.82016,0.48347,0.93358,0.96461,1,0.97524,0.70369,1.09908,0.5023,1.03117,0.000307,0.000307,0.000307
142,553.521,0.81222,0.47668,0.92581,0.96583,1,0.97524,0.7066,1.08527,0.49375,1.03076,0.00030205,0.00030205,0.00030205
143,557.373,0.81694,0.48401,0.8989,0.96583,1,0.97524,0.7066,1.08527,0.49375,1.03076,0.0002971,0.0002971,0.0002971
144,561.331,0.74329,0.43799,0.89619,0.96526,1,0.97524,0.71098,1.07591,0.48854,1.0212,0.00029215,0.00029215,0.00029215
145,565.163,0.79216,0.46794,0.91795,0.96533,1,0.97131,0.69978,1.08321,0.47976,1.0161,0.0002872,0.0002872,0.0002872
1,5.60264,3.15908,15.0625,2.22371,0,0,0,0,4.13628,7.91078,2.70206,5e-05,5e-05,5e-05
2,9.09801,2.95689,11.4992,2.03767,0,0,0,0,3.19456,9.85523,2.27371,0.000109455,0.000109455,0.000109455
3,12.3507,2.38524,5.11061,1.77142,0.15271,0.21429,0.09555,0.06857,1.61998,21.8516,1.37945,0.000168317,0.000168317,0.000168317
4,15.5089,1.48401,2.79427,1.24352,0.36411,0.47619,0.41877,0.29919,1.26345,13.0888,1.10069,0.000226584,0.000226584,0.000226584
5,18.5813,1.32336,3.29084,1.15506,0.88084,0.54631,0.67029,0.42604,1.25206,5.36325,1.05017,0.000284258,0.000284258,0.000284258
6,21.3472,1.36512,1.97353,1.10117,0.36838,0.91498,0.55511,0.37127,1.19263,4.18477,1.06928,0.000341337,0.000341337,0.000341337
7,24.0803,1.28064,1.69016,1.04703,0.68276,0.76194,0.81854,0.5824,1.1519,2.5146,1.10703,0.000397823,0.000397823,0.000397823
8,26.7806,1.27694,1.90548,1.09358,0.81183,0.69156,0.81096,0.5599,1.1674,2.07979,1.1144,0.000453714,0.000453714,0.000453714
9,29.4267,1.36203,1.54032,1.12449,0.83388,0.95604,0.94772,0.6505,1.19263,1.54277,1.08374,0.000509012,0.000509012,0.000509012
10,32.1338,1.24081,1.62089,1.08367,0.86496,0.92034,0.96649,0.62898,1.27824,1.28502,1.05996,0.000563715,0.000563715,0.000563715
11,34.7196,1.27447,1.74343,1.1422,0.94153,0.91959,0.98142,0.71526,1.05294,1.0498,1.0452,0.000617825,0.000617825,0.000617825
12,37.587,1.18189,1.24457,1.10296,0.85804,0.91727,0.96753,0.68633,1.12937,0.97378,1.05257,0.00067134,0.00067134,0.00067134
13,40.2007,1.14678,1.25919,1.01892,0.92187,0.96083,0.9675,0.65444,1.28686,0.90202,1.05418,0.000724262,0.000724262,0.000724262
14,42.8143,1.18496,1.21605,1.02496,0.90937,0.96587,0.97131,0.65858,1.17004,1.2211,1.02926,0.00077659,0.00077659,0.00077659
15,45.3824,1.28067,1.21278,1.08669,0.90937,0.96587,0.97131,0.65858,1.17004,1.2211,1.02926,0.000828323,0.000828323,0.000828323
16,48.1915,1.21402,1.13599,1.04452,0.76604,0.91828,0.96183,0.67423,1.15456,1.07287,1.0458,0.000879463,0.000879463,0.000879463
17,50.8674,1.17,1.05845,1.07065,0.80117,0.82575,0.83349,0.57994,1.16228,1.45068,1.06786,0.0009208,0.0009208,0.0009208
18,53.5111,1.24883,1.06204,1.14551,0.76702,0.82373,0.83514,0.55644,1.13598,1.59577,1.0263,0.00091585,0.00091585,0.00091585
19,56.1203,1.16973,0.9855,1.04126,0.76702,0.82373,0.83514,0.55644,1.13598,1.59577,1.0263,0.0009109,0.0009109,0.0009109
20,58.7403,1.20825,0.9815,1.1039,0.91597,0.92945,0.98611,0.69738,1.04635,0.95778,0.99878,0.00090595,0.00090595,0.00090595
21,61.3614,1.13655,1.07144,1.09696,0.88927,0.98196,0.96225,0.67472,1.04978,0.81717,1.02973,0.000901,0.000901,0.000901
22,63.9865,1.12364,0.86889,1.01065,0.89486,1,0.971,0.70265,1.02714,0.72464,0.99712,0.00089605,0.00089605,0.00089605
23,66.571,1.16223,0.85799,1.0307,0.89486,1,0.971,0.70265,1.02714,0.72464,0.99712,0.0008911,0.0008911,0.0008911
24,69.2763,1.14717,0.85945,1.01703,0.94045,1,0.97524,0.7295,0.97914,0.66215,0.96579,0.00088615,0.00088615,0.00088615
25,72.0975,1.11458,0.80504,1.00977,0.93848,0.959,0.97524,0.71212,1.01433,0.68914,0.97144,0.0008812,0.0008812,0.0008812
26,74.8385,1.09656,0.8855,1.04676,0.83539,0.97627,0.97929,0.68805,1.09252,0.84947,1.01227,0.00087625,0.00087625,0.00087625
27,77.4764,1.27155,0.97402,1.10768,0.83539,0.97627,0.97929,0.68805,1.09252,0.84947,1.01227,0.0008713,0.0008713,0.0008713
28,80.2323,1.16042,0.81743,1.04022,0.91915,0.92713,0.9831,0.67518,1.19549,0.83019,1.01235,0.00086635,0.00086635,0.00086635
29,82.9164,1.23115,0.932,1.13588,0.92875,1,0.9831,0.69695,1.12066,0.65675,1.00174,0.0008614,0.0008614,0.0008614
30,85.586,1.15697,0.88279,1.0582,0.93568,0.99321,0.99119,0.71255,1.0476,0.68637,0.99963,0.00085645,0.00085645,0.00085645
31,88.1303,1.16311,0.80336,1.03603,0.93568,0.99321,0.99119,0.71255,1.0476,0.68637,0.99963,0.0008515,0.0008515,0.0008515
32,90.973,1.1128,0.80854,1.02001,0.92931,1,0.99119,0.70998,1.03423,0.62765,0.98947,0.00084655,0.00084655,0.00084655
33,93.6097,1.08437,0.71435,0.9948,0.95014,1,0.99119,0.75147,0.97864,0.60294,0.97894,0.0008416,0.0008416,0.0008416
34,96.3899,1.07995,0.73635,0.99755,0.92997,1,0.99119,0.72375,1.03819,0.62211,0.99623,0.00083665,0.00083665,0.00083665
35,99.0615,1.13629,0.85503,1.00689,0.92997,1,0.99119,0.72375,1.03819,0.62211,0.99623,0.0008317,0.0008317,0.0008317
36,101.872,1.08556,0.73971,0.98584,0.94886,1,0.98714,0.72645,0.99744,0.61924,0.97659,0.00082675,0.00082675,0.00082675
37,104.675,1.07862,0.69122,1.0359,0.95631,1,0.98714,0.72615,1.07376,0.59519,0.99383,0.0008218,0.0008218,0.0008218
38,107.469,1.09745,0.70646,1.02072,0.95874,1,0.98714,0.70478,1.08767,0.59249,1.00232,0.00081685,0.00081685,0.00081685
39,110.259,1.10125,0.66924,1.03406,0.95874,1,0.98714,0.70478,1.08767,0.59249,1.00232,0.0008119,0.0008119,0.0008119
40,113.021,1.10153,0.70376,0.98762,0.95635,0.9994,0.97131,0.71806,1.04215,0.60797,1.01763,0.00080695,0.00080695,0.00080695
41,115.823,1.06734,0.67724,0.99565,0.93532,0.99049,0.97131,0.72604,1.02443,0.60764,1.04099,0.000802,0.000802,0.000802
42,118.634,1.13644,0.72243,1.06237,0.95278,1,0.97131,0.72199,0.99998,0.60199,0.98655,0.00079705,0.00079705,0.00079705
43,121.407,1.0902,0.6561,1.0029,0.95278,1,0.97131,0.72199,0.99998,0.60199,0.98655,0.0007921,0.0007921,0.0007921
44,124.205,1.12078,0.69363,1.06853,0.92416,1,0.9831,0.7205,1.00422,0.59458,0.99642,0.00078715,0.00078715,0.00078715
45,126.972,1.08397,0.6956,1.01455,0.92737,1,0.99119,0.70782,1.04329,0.58884,0.99828,0.0007822,0.0007822,0.0007822
46,129.761,1.10585,0.66252,1.00232,0.92659,1,0.99119,0.70994,1.05006,0.57483,0.9883,0.00077725,0.00077725,0.00077725
47,132.576,1.06354,0.66148,0.99229,0.92659,1,0.99119,0.70994,1.05006,0.57483,0.9883,0.0007723,0.0007723,0.0007723
48,135.43,1.06882,0.67674,1.0193,0.93283,1,0.99119,0.7452,0.98688,0.56728,0.98519,0.00076735,0.00076735,0.00076735
49,138.269,1.09745,0.65732,1.02744,0.93953,1,0.99119,0.73549,0.96216,0.58378,0.99004,0.0007624,0.0007624,0.0007624
50,141.151,1.05772,0.65661,1.01617,0.9227,1,0.99119,0.68198,1.08357,0.61192,1.00736,0.00075745,0.00075745,0.00075745
51,144.076,1.02352,0.68812,1.02295,0.9227,1,0.99119,0.68198,1.08357,0.61192,1.00736,0.0007525,0.0007525,0.0007525
52,147.02,1.03365,0.60862,1.0058,0.94425,1,0.99119,0.70772,1.02029,0.57033,0.99028,0.00074755,0.00074755,0.00074755
53,149.977,1.13244,0.7605,1.10391,0.97543,0.97222,0.99119,0.75531,0.97253,0.54816,0.97823,0.0007426,0.0007426,0.0007426
54,153.111,0.99358,0.70472,1.01671,0.94928,0.97222,0.99119,0.75069,0.9395,0.55399,0.97765,0.00073765,0.00073765,0.00073765
55,156.291,1.15406,0.65656,1.0886,0.94928,0.97222,0.99119,0.75069,0.9395,0.55399,0.97765,0.0007327,0.0007327,0.0007327
56,159.461,1.13172,0.60925,0.96388,0.95393,1,0.99119,0.70015,1.09169,0.57908,1.01116,0.00072775,0.00072775,0.00072775
57,162.722,1.09569,0.64222,0.98445,0.95004,1,0.99119,0.68308,1.16539,0.61029,1.04297,0.0007228,0.0007228,0.0007228
58,165.776,1.08197,0.64571,1.01476,0.95095,1,0.9831,0.71539,1.04974,0.58015,0.99551,0.00071785,0.00071785,0.00071785
59,169.082,1.06673,0.61346,1.04295,0.95095,1,0.9831,0.71539,1.04974,0.58015,0.99551,0.0007129,0.0007129,0.0007129
60,172.706,1.06392,0.62534,1.04079,0.95776,0.98371,0.98714,0.72874,1.04449,0.54131,0.98368,0.00070795,0.00070795,0.00070795
61,175.675,1.02121,0.61007,0.95821,0.95055,0.99462,0.98714,0.71133,1.06386,0.56493,0.98957,0.000703,0.000703,0.000703
62,178.643,1.03452,0.67017,1.03233,0.92254,1,0.9831,0.72243,1.01682,0.58669,0.98016,0.00069805,0.00069805,0.00069805
63,181.533,1.00803,0.62336,0.96759,0.92254,1,0.9831,0.72243,1.01682,0.58669,0.98016,0.0006931,0.0006931,0.0006931
64,184.462,1.0263,0.63919,0.99663,0.94906,1,0.98714,0.71993,1.0192,0.55951,0.96609,0.00068815,0.00068815,0.00068815
65,187.393,1.05643,0.63223,0.9739,0.95049,1,0.99119,0.73038,1.02484,0.55224,0.98368,0.0006832,0.0006832,0.0006832
66,190.367,0.99595,0.57522,0.94543,0.95114,0.99282,0.9831,0.72714,1.00203,0.55664,0.97759,0.00067825,0.00067825,0.00067825
67,193.4,1.09539,0.65643,1.08583,0.95114,0.99282,0.9831,0.72714,1.00203,0.55664,0.97759,0.0006733,0.0006733,0.0006733
68,196.345,1.11626,0.60576,1.04545,0.94359,0.9932,0.97131,0.73187,0.96046,0.50969,0.96228,0.00066835,0.00066835,0.00066835
69,199.323,0.96551,0.58495,0.99504,0.95153,0.99515,0.97131,0.74391,0.9784,0.5149,0.969,0.0006634,0.0006634,0.0006634
70,202.246,1.00141,0.59138,0.98036,0.95042,1,0.97131,0.70527,1.01431,0.53294,0.97509,0.00065845,0.00065845,0.00065845
71,205.119,0.98654,0.57498,0.96107,0.95042,1,0.97131,0.70527,1.01431,0.53294,0.97509,0.0006535,0.0006535,0.0006535
72,208.131,0.97716,0.56123,0.96489,0.94087,1,0.97524,0.72063,1.00078,0.51502,0.98226,0.00064855,0.00064855,0.00064855
73,211.124,0.9751,0.55534,0.97878,0.95302,1,0.97929,0.73094,1.00069,0.53193,0.99651,0.0006436,0.0006436,0.0006436
74,214.028,0.95365,0.58122,0.9899,0.95428,1,0.97524,0.7175,1.03295,0.53204,1.00008,0.00063865,0.00063865,0.00063865
75,217.155,0.96102,0.55884,0.94425,0.95428,1,0.97524,0.7175,1.03295,0.53204,1.00008,0.0006337,0.0006337,0.0006337
76,220.344,0.99037,0.58474,0.96442,0.95523,1,0.97524,0.70805,1.07636,0.52947,0.98786,0.00062875,0.00062875,0.00062875
77,223.353,0.94362,0.54422,0.98453,0.95968,1,0.97929,0.71957,1.0277,0.53498,0.98286,0.0006238,0.0006238,0.0006238
78,226.37,1.00537,0.57048,0.96009,0.96252,1,0.97929,0.71683,0.98761,0.54266,0.98739,0.00061885,0.00061885,0.00061885
79,229.36,0.96515,0.56799,0.94432,0.96252,1,0.97929,0.71683,0.98761,0.54266,0.98739,0.0006139,0.0006139,0.0006139
80,232.342,0.98775,0.56472,0.9755,0.96437,1,0.97929,0.71094,1.03593,0.56435,1.0096,0.00060895,0.00060895,0.00060895
81,235.336,0.99543,0.5712,0.991,0.96316,1,0.97929,0.70589,1.0362,0.54896,0.9994,0.000604,0.000604,0.000604
82,238.524,0.89523,0.55863,0.9329,0.95674,1,0.97131,0.67713,1.08552,0.55016,0.99871,0.00059905,0.00059905,0.00059905
83,241.631,0.98507,0.55373,0.95216,0.95674,1,0.97131,0.67713,1.08552,0.55016,0.99871,0.0005941,0.0005941,0.0005941
84,245.227,0.99621,0.54838,1.05069,0.95149,1,0.97524,0.67536,1.10448,0.55074,0.99294,0.00058915,0.00058915,0.00058915
85,249.036,0.93431,0.5207,0.97361,0.95172,1,0.97524,0.70183,1.05852,0.51601,0.98081,0.0005842,0.0005842,0.0005842
86,252.438,1.02852,0.54948,0.97048,0.95476,1,0.97131,0.73658,0.97252,0.50135,0.97213,0.00057925,0.00057925,0.00057925
87,255.784,1.00549,0.56758,1.04228,0.95476,1,0.97131,0.73658,0.97252,0.50135,0.97213,0.0005743,0.0005743,0.0005743
88,259.081,0.78393,1.13387,0.80578,0.95555,1,0.97131,0.72663,0.99574,0.50721,0.98989,0.00056935,0.00056935,0.00056935
89,262.477,0.96549,0.58183,0.96838,0.9325,1,0.96548,0.70121,1.03378,0.53279,1.00525,0.0005644,0.0005644,0.0005644
90,265.79,1.01482,0.65695,0.99858,0.94858,1,0.97524,0.69357,1.08852,0.54015,1.00744,0.00055945,0.00055945,0.00055945
91,269.217,0.95931,0.58421,0.98241,0.94858,1,0.97524,0.69357,1.08852,0.54015,1.00744,0.0005545,0.0005545,0.0005545
92,272.562,0.98238,0.5675,1.00351,0.95624,1,0.97131,0.68914,1.10281,0.51581,1.00346,0.00054955,0.00054955,0.00054955
93,276.142,1.05285,0.60607,0.95339,0.95603,1,0.97131,0.71442,1.07082,0.50527,0.98426,0.0005446,0.0005446,0.0005446
94,279.749,0.90609,0.59909,0.98073,0.95471,1,0.97929,0.73571,1.01077,0.4982,0.9682,0.00053965,0.00053965,0.00053965
95,283.378,0.99815,0.57138,0.99976,0.95471,1,0.97929,0.73571,1.01077,0.4982,0.9682,0.0005347,0.0005347,0.0005347
96,286.722,0.96247,0.54946,0.9701,0.96197,1,0.97929,0.75124,1.01818,0.49744,0.9829,0.00052975,0.00052975,0.00052975
97,290.011,0.94853,0.59411,0.9844,0.957,1,0.97524,0.73406,1.06627,0.51432,0.99091,0.0005248,0.0005248,0.0005248
98,293.405,0.94634,0.55223,0.93839,0.95438,1,0.97131,0.73611,1.0634,0.51648,0.97988,0.00051985,0.00051985,0.00051985
99,296.672,0.92752,0.59079,0.97467,0.95438,1,0.97131,0.73611,1.0634,0.51648,0.97988,0.0005149,0.0005149,0.0005149
100,300.056,0.89687,0.53022,0.93488,0.95975,1,0.97131,0.73039,1.0327,0.49316,0.96554,0.00050995,0.00050995,0.00050995
101,303.409,0.90839,0.56844,0.99863,0.95991,1,0.97929,0.7469,1.00854,0.48289,0.96475,0.000505,0.000505,0.000505
102,306.725,0.92462,0.54939,0.96144,0.95555,1,0.97524,0.7301,0.99315,0.48767,0.97421,0.00050005,0.00050005,0.00050005
103,310.058,0.87095,0.50142,0.91995,0.95555,1,0.97524,0.7301,0.99315,0.48767,0.97421,0.0004951,0.0004951,0.0004951
104,313.384,0.88287,0.50862,0.9258,0.94892,1,0.97524,0.74356,0.97128,0.4834,0.96496,0.00049015,0.00049015,0.00049015
105,316.604,0.87633,0.50203,0.94647,0.95556,1,0.97524,0.74632,0.97159,0.48303,0.95872,0.0004852,0.0004852,0.0004852
106,319.792,0.93097,0.50927,0.98218,0.96064,1,0.97929,0.7191,1.043,0.49221,0.97382,0.00048025,0.00048025,0.00048025
107,322.914,0.94176,0.51085,1.00524,0.96064,1,0.97929,0.7191,1.043,0.49221,0.97382,0.0004753,0.0004753,0.0004753
108,326.229,0.89337,0.50814,0.99134,0.96548,1,0.97929,0.71467,1.0553,0.47828,0.97021,0.00047035,0.00047035,0.00047035
109,329.599,0.94509,0.56852,0.95017,0.96229,1,0.97929,0.74549,0.99171,0.46926,0.96934,0.0004654,0.0004654,0.0004654
110,332.84,0.98418,0.62424,0.96956,0.95539,1,0.97524,0.73305,0.97791,0.47502,0.96568,0.00046045,0.00046045,0.00046045
111,336.128,0.97414,0.56137,1.02239,0.95539,1,0.97524,0.73305,0.97791,0.47502,0.96568,0.0004555,0.0004555,0.0004555
112,339.359,0.87751,0.50076,0.97322,0.9545,1,0.97524,0.74357,0.96695,0.47186,0.96293,0.00045055,0.00045055,0.00045055
113,342.662,0.8939,0.52249,0.96577,0.96084,1,0.97929,0.73459,1.00387,0.48237,0.96904,0.0004456,0.0004456,0.0004456
114,346.038,0.87954,0.49034,0.95647,0.95347,1,0.97929,0.70933,1.02574,0.49944,0.97576,0.00044065,0.00044065,0.00044065
115,349.392,0.85744,0.50776,0.93565,0.95347,1,0.97929,0.70933,1.02574,0.49944,0.97576,0.0004357,0.0004357,0.0004357
116,352.81,1.01786,0.55263,0.9809,0.94834,1,0.98714,0.71942,1.02023,0.50717,0.97793,0.00043075,0.00043075,0.00043075
117,356.208,0.86544,0.51105,0.96298,0.95039,1,0.98714,0.73983,0.96461,0.48958,0.96574,0.0004258,0.0004258,0.0004258
118,359.499,0.85481,0.52164,0.94847,0.95526,1,0.98714,0.74484,0.94486,0.48485,0.96377,0.00042085,0.00042085,0.00042085
119,362.752,0.87005,0.50911,0.95661,0.95526,1,0.98714,0.74484,0.94486,0.48485,0.96377,0.0004159,0.0004159,0.0004159
120,366.102,0.9429,0.53595,0.96379,0.96011,1,0.9831,0.74002,0.957,0.48915,0.96508,0.00041095,0.00041095,0.00041095
121,369.481,0.88727,0.48858,0.92294,0.96329,1,0.9831,0.75058,0.97557,0.47903,0.96384,0.000406,0.000406,0.000406
122,372.955,0.90162,0.4856,0.93534,0.96404,1,0.9831,0.7353,1.01561,0.48229,0.97169,0.00040105,0.00040105,0.00040105
123,376.399,0.84347,0.48164,0.94535,0.96404,1,0.9831,0.7353,1.01561,0.48229,0.97169,0.0003961,0.0003961,0.0003961
124,379.808,0.81355,0.49684,0.9316,0.96255,1,0.9831,0.73559,1.02416,0.486,0.97312,0.00039115,0.00039115,0.00039115
125,382.699,0.94953,0.51503,1.01747,0.96133,1,0.97929,0.71598,1.02295,0.48871,0.98039,0.0003862,0.0003862,0.0003862
126,385.619,0.81064,0.46466,0.9304,0.95679,1,0.97929,0.70915,1.08532,0.49694,0.99744,0.00038125,0.00038125,0.00038125
127,388.591,0.88865,0.5681,0.95049,0.95679,1,0.97929,0.70915,1.08532,0.49694,0.99744,0.0003763,0.0003763,0.0003763
128,391.86,0.81341,0.47321,0.92197,0.95789,0.99828,0.97929,0.72126,1.05172,0.49063,0.98969,0.00037135,0.00037135,0.00037135
129,394.819,0.78997,0.47547,0.91575,0.96381,0.99926,0.97929,0.75935,0.99939,0.48349,0.97633,0.0003664,0.0003664,0.0003664
130,397.804,0.85322,0.47456,0.94649,0.96384,1,0.9831,0.74433,0.98217,0.4778,0.9777,0.00036145,0.00036145,0.00036145
131,400.725,0.81327,0.48792,0.90619,0.96384,1,0.9831,0.74433,0.98217,0.4778,0.9777,0.0003565,0.0003565,0.0003565
132,403.605,0.89192,0.49723,0.94015,0.96462,1,0.97929,0.73306,1.02293,0.49625,0.98119,0.00035155,0.00035155,0.00035155
133,406.568,0.81597,0.45635,0.92815,0.96529,1,0.97929,0.71291,1.07078,0.50735,0.99062,0.0003466,0.0003466,0.0003466
134,409.306,0.88701,0.47739,0.96927,0.96113,1,0.9831,0.7285,1.04154,0.48287,0.99052,0.00034165,0.00034165,0.00034165
135,412.104,0.8096,0.47097,0.94568,0.96113,1,0.9831,0.7285,1.04154,0.48287,0.99052,0.0003367,0.0003367,0.0003367
136,414.731,0.8449,0.48325,0.89813,0.96226,1,0.99119,0.74005,1.03966,0.47599,0.98956,0.00033175,0.00033175,0.00033175
137,417.587,0.85297,0.48053,0.94774,0.96334,1,0.99119,0.73287,1.03541,0.46843,0.98907,0.0003268,0.0003268,0.0003268
138,420.324,0.75408,0.44873,0.93178,0.96138,1,0.9831,0.72941,1.03363,0.47401,0.99051,0.00032185,0.00032185,0.00032185
139,422.871,0.75213,0.44458,0.93014,0.96138,1,0.9831,0.72941,1.03363,0.47401,0.99051,0.0003169,0.0003169,0.0003169
140,425.235,0.80059,0.45711,0.90323,0.9649,1,0.97929,0.7254,1.07248,0.48593,0.99472,0.00031195,0.00031195,0.00031195
141,427.675,0.83466,0.47321,0.94494,0.96561,1,0.97929,0.7229,1.10873,0.5024,0.9977,0.000307,0.000307,0.000307
142,430.095,0.80636,0.46568,0.92149,0.96543,1,0.97929,0.71923,1.09496,0.50339,0.99528,0.00030205,0.00030205,0.00030205
143,432.521,0.78488,0.48049,0.89271,0.96543,1,0.97929,0.71923,1.09496,0.50339,0.99528,0.0002971,0.0002971,0.0002971
144,435.024,0.80507,0.44759,0.94046,0.96016,1,0.97524,0.73565,1.05085,0.49571,0.99755,0.00029215,0.00029215,0.00029215
145,437.557,0.78493,0.45926,0.92019,0.95712,1,0.97929,0.72803,1.03913,0.48747,1.00333,0.0002872,0.0002872,0.0002872
146,440.005,0.75606,0.45383,0.91705,0.95699,1,0.9831,0.73073,1.05863,0.49516,1.00781,0.00028225,0.00028225,0.00028225
147,442.326,0.82856,0.48958,0.92522,0.95699,1,0.9831,0.73073,1.05863,0.49516,1.00781,0.0002773,0.0002773,0.0002773
148,444.65,0.74255,0.44369,0.8891,0.95937,1,0.98714,0.73144,1.05838,0.49707,1.00626,0.00027235,0.00027235,0.00027235
149,447.087,0.81073,0.47413,0.94884,0.959,1,0.9831,0.73324,1.03895,0.49285,0.99755,0.0002674,0.0002674,0.0002674
150,449.775,0.75543,0.43437,0.92296,0.96164,1,0.9831,0.72434,1.02145,0.49107,0.99339,0.00026245,0.00026245,0.00026245
151,452.385,0.82283,0.46298,0.97849,0.96164,1,0.9831,0.72434,1.02145,0.49107,0.99339,0.0002575,0.0002575,0.0002575
152,454.667,0.81162,0.47411,0.92338,0.96562,1,0.98714,0.7363,1.0257,0.48955,0.99173,0.00025255,0.00025255,0.00025255
153,456.991,0.76072,0.45347,0.92955,0.96481,1,0.98714,0.73513,1.02868,0.48528,0.98677,0.0002476,0.0002476,0.0002476
154,459.265,0.79386,0.47237,0.90636,0.96024,1,0.97929,0.73612,1.02777,0.47524,0.98809,0.00024265,0.00024265,0.00024265
155,461.483,0.82709,0.46474,0.91506,0.96024,1,0.97929,0.73612,1.02777,0.47524,0.98809,0.0002377,0.0002377,0.0002377
156,463.811,0.76946,0.44692,0.9184,0.95858,1,0.9831,0.7447,1.03825,0.47001,0.98729,0.00023275,0.00023275,0.00023275
157,466.146,0.72051,0.44316,0.89373,0.95587,1,0.97929,0.74097,1.03711,0.48161,0.98897,0.0002278,0.0002278,0.0002278
158,468.488,0.78073,0.46012,0.92425,0.94587,1,0.9831,0.73284,1.02177,0.48472,0.9894,0.00022285,0.00022285,0.00022285
159,470.894,0.80311,0.44868,0.94498,0.94587,1,0.9831,0.73284,1.02177,0.48472,0.9894,0.0002179,0.0002179,0.0002179
160,473.462,0.78178,0.45122,0.92396,0.94232,1,0.9831,0.74485,1.02012,0.48088,0.9877,0.00021295,0.00021295,0.00021295
161,475.909,0.74348,0.43297,0.89619,0.94297,1,0.9831,0.73386,1.02277,0.47574,0.98803,0.000208,0.000208,0.000208
162,478.329,0.73723,0.44594,0.87652,0.9453,1,0.97929,0.73104,1.04635,0.4776,0.98828,0.00020305,0.00020305,0.00020305
163,480.71,0.76756,0.46335,0.90192,0.9453,1,0.97929,0.73104,1.04635,0.4776,0.98828,0.0001981,0.0001981,0.0001981
164,483.289,0.7065,0.40758,0.92609,0.9445,1,0.97929,0.73643,1.08182,0.48258,0.99557,0.00019315,0.00019315,0.00019315
165,485.605,0.73563,0.41213,0.91102,0.94704,1,0.97929,0.72946,1.10016,0.47302,0.9973,0.0001882,0.0001882,0.0001882
166,488.073,0.7499,0.41739,0.95499,0.946,1,0.97929,0.72322,1.0886,0.47481,0.99627,0.00018325,0.00018325,0.00018325
167,490.479,0.80337,0.45343,0.99606,0.946,1,0.97929,0.72322,1.0886,0.47481,0.99627,0.0001783,0.0001783,0.0001783
168,493.024,0.71689,0.41326,0.8874,0.93842,1,0.97929,0.74069,1.04434,0.46269,0.99187,0.00017335,0.00017335,0.00017335
169,495.375,0.66666,0.40539,0.90197,0.93608,1,0.97929,0.73703,1.02566,0.47778,0.9905,0.0001684,0.0001684,0.0001684
170,497.822,0.71433,0.43495,0.92486,0.96638,0.95683,0.97929,0.73354,1.03339,0.4899,0.99527,0.00016345,0.00016345,0.00016345
171,500.053,0.77014,0.43338,0.92924,0.96638,0.95683,0.97929,0.73354,1.03339,0.4899,0.99527,0.0001585,0.0001585,0.0001585
172,502.297,0.71121,0.42567,0.88963,0.96584,0.95673,0.97524,0.72771,1.0609,0.49754,0.99629,0.00015355,0.00015355,0.00015355
173,504.752,0.76507,0.44073,0.9497,0.96515,0.9573,0.97524,0.72402,1.07903,0.49309,1.00429,0.0001486,0.0001486,0.0001486
174,506.996,0.69646,0.42667,0.88691,0.96486,0.95844,0.97131,0.70613,1.08311,0.49682,1.00547,0.00014365,0.00014365,0.00014365
175,509.194,0.78067,0.63667,0.90621,0.96486,0.95844,0.97131,0.70613,1.08311,0.49682,1.00547,0.0001387,0.0001387,0.0001387
176,511.615,0.66744,0.43093,0.89913,0.92321,1,0.97131,0.72678,1.0757,0.48786,0.99942,0.00013375,0.00013375,0.00013375
177,513.867,0.72675,0.41676,0.92458,0.92337,1,0.97131,0.72245,1.05701,0.47972,0.99798,0.0001288,0.0001288,0.0001288
178,516.085,0.68789,0.43218,0.89315,0.92849,1,0.97929,0.73094,1.04737,0.47562,0.99306,0.00012385,0.00012385,0.00012385
179,518.259,0.70063,0.41276,0.94668,0.92849,1,0.97929,0.73094,1.04737,0.47562,0.99306,0.0001189,0.0001189,0.0001189
180,520.443,0.78239,0.50843,0.94153,0.93264,1,0.97929,0.72891,1.0552,0.47403,0.99494,0.00011395,0.00011395,0.00011395
181,522.661,0.71079,0.41662,0.88592,0.94124,1,0.97929,0.72736,1.07095,0.4839,0.99833,0.000109,0.000109,0.000109
182,524.809,0.66261,0.3987,0.8703,0.9389,1,0.97929,0.72667,1.07702,0.48531,0.99848,0.00010405,0.00010405,0.00010405
183,526.992,0.6248,0.40954,0.89174,0.9389,1,0.97929,0.72667,1.07702,0.48531,0.99848,9.91e-05,9.91e-05,9.91e-05
184,529.364,0.64041,0.40024,0.90384,0.93466,1,0.97929,0.72356,1.06473,0.48157,0.99701,9.415e-05,9.415e-05,9.415e-05
185,531.594,0.72592,0.42643,0.90638,0.93093,1,0.97929,0.72911,1.05164,0.48398,0.99246,8.92e-05,8.92e-05,8.92e-05
186,533.857,0.7549,0.43081,0.90423,0.92769,1,0.9831,0.73283,1.04537,0.49039,0.99264,8.425e-05,8.425e-05,8.425e-05
187,536.027,0.71148,0.42934,0.94829,0.92769,1,0.9831,0.73283,1.04537,0.49039,0.99264,7.93e-05,7.93e-05,7.93e-05
188,538.22,0.68258,0.42442,0.8853,0.92297,1,0.97929,0.72142,1.04328,0.48834,0.9928,7.435e-05,7.435e-05,7.435e-05
189,540.407,0.64411,0.40467,0.87935,0.96668,0.95666,0.97929,0.72432,1.04091,0.49036,0.99143,6.94e-05,6.94e-05,6.94e-05
190,542.591,0.66252,0.42057,0.91647,0.96614,0.95632,0.97929,0.7352,1.04463,0.48422,0.99259,6.445e-05,6.445e-05,6.445e-05
191,551.241,0.66613,0.3843,0.92655,0.96614,0.95632,0.97929,0.7352,1.04463,0.48422,0.99259,5.95e-05,5.95e-05,5.95e-05
192,553.45,0.64839,0.37177,0.89227,0.96534,0.95665,0.97524,0.72527,1.05162,0.49108,0.99271,5.455e-05,5.455e-05,5.455e-05
193,555.637,0.66148,0.41338,0.89698,0.96419,0.95674,0.97524,0.72763,1.0687,0.49225,0.99339,4.96e-05,4.96e-05,4.96e-05
194,557.801,0.66137,0.37439,0.93274,0.96434,0.95671,0.97131,0.71471,1.08309,0.49121,0.99737,4.465e-05,4.465e-05,4.465e-05
195,559.952,0.60419,0.36231,0.88188,0.96434,0.95671,0.97131,0.71471,1.08309,0.49121,0.99737,3.97e-05,3.97e-05,3.97e-05
196,562.422,0.66361,0.37833,0.92906,0.96464,0.95643,0.97131,0.714,1.08718,0.48847,0.99842,3.475e-05,3.475e-05,3.475e-05
197,564.729,0.64184,0.37209,0.91036,0.96445,0.95629,0.97131,0.7159,1.08251,0.49572,0.99855,2.98e-05,2.98e-05,2.98e-05
198,566.882,0.60438,0.36279,0.88588,0.96467,0.95618,0.97131,0.72306,1.07531,0.49326,0.9993,2.485e-05,2.485e-05,2.485e-05
199,569.116,0.58805,0.37552,0.90797,0.96467,0.95618,0.97131,0.72306,1.07531,0.49326,0.9993,1.99e-05,1.99e-05,1.99e-05
200,571.596,0.59466,0.36739,0.86277,0.96501,0.95643,0.97131,0.72674,1.07756,0.48715,1.00081,1.495e-05,1.495e-05,1.495e-05
